:1000000000800020BD01000025C00000E1BF00000D
:10001000E1BF0000E1BF0000E1BF0000E1BF000060
:10002000E1BF0000E1BF0000E1BF000025C000000B
:1000300025C00000E1BF00009DB40000A1B4000095
:1000400025C0000025C0000025C0000025C000001C
:1000500025C0000025C0000025C0000025C000000C
:1000600025C0000025C0000025C0000025C00000FC
:1000700025C0000025C0000025C0000025C00000EC
:1000800025C0000025C0000025C0000025C00000DC
:1000900025C0000025C0000025C0000025C00000CC
:1000A00025C0000025C0000025C0000025C00000BC
:1000B00025C0000025C0000025C0000025C00000AC
:1000C00025C0000025C0000025C0000025C000009C
:1000D00025C0000025C0000025C0000025C000008C
:1000E00025C0000025C0000025C0000025C000007C
:1000F00025C000009DCE000025C000000DD80000E6
:1001000025C0000055DF000025C0000025C000000C
:1001100025C0000025C0000025C0000025C000004B
:1001200025C0000025C0000025C0000025C000003B
:1001300025C0000025C0000025C0000025C000002B
:1001400025C0000025C0000025C0000025C000001B
:1001500025C0000025C0000025C0000025C000000B
:1001600025C0000059E2000025C0000025C00000A5
:1001700025C0000025C0000025C0000025C00000EB
:1001800025C0000025C0000025C0000025C00000DB
:1001900025C0000025C0000025C0000025C00000CB
:1001A00025C0000025C0000025C0000025C00000BB
:1001B00025C0000025C0000025C00000574B4CF2B0
:1001C000205210B5DA814DF62812DA8100BF00BF47
:1001D0000BF02CFF524B4FF010621A63514A9A6396
:1001E000514ADA63514A136913F4807303D153619E
:1001F0004FF4A85313614E4B9A78110703D59A78A0
:1002000042F008029A704B4B4B482A221A704B4B13
:10021000DA1C121AC11E22F00302994288BF002282
:1002200047490BF009FE474B4748DA1C121AC11E1A
:1002300022F00302994288BF0022002110F09AFFA9
:10024000424943484FF4DE720BF0F6FD414B424AFF
:10025000802103F8011B9342FBD14FF0E0233C4A7D
:10026000C3F8082D3D4B8A221A70A3F5805324222F
:100270005A70A0221A709A799207FCD59A79D406FE
:10028000FCD4374B9A7902F00C02082AFAD10322E7
:100290001A7140225A719A799006FCD5304A9379A6
:1002A0005906FCD51E4B2F4959640221996420211F
:1002B0001170917901F00C010C29FAD12A4A5A6087
:1002C0004FF0E023294A5A6100229A6107221A61FD
:1002D000274AC3F8202D62B60CF000F9134B5B6976
:1002E000DA0705D523480CF0EDF8234B234ADA61F1
:1002F000234B1B785B0609D51F4C204BE2699A42C1
:1003000004D11C480CF0DEF80023E3610BF094FEEE
:1003100011F022FD0BF088FDFEE700BF0020054034
:1003200000800440823F04000100002B00D0034005
:1003300000D0074000E007402087FF1FB08FFF1F5D
:10034000EC8B01007C9DFF1FB08FFF1F00000000A1
:100350000082FF1F00E400E05FE400E00050064080
:100360000040064000000301C0100500FF760100B8
:1003700000002020AD36276900E00340A5C3945A51
:1003800000F00740FFFFFFFFFFFFFFFFFFFFFFFF42
:10039000FFFFFFFFFFFFFFFFFFFFFFFFFFFFFFFF6D
:1003A000FFFFFFFFFFFFFFFFFFFFFFFFFFFFFFFF5D
:1003B000FFFFFFFFFFFFFFFFFFFFFFFFFFFFFFFF4D
:1003C000FFFFFFFFFFFFFFFFFFFFFFFFFFFFFFFF3D
:1003D000FFFFFFFFFFFFFFFFFFFFFFFFFFFFFFFF2D
:1003E000FFFFFFFFFFFFFFFFFFFFFFFFFFFFFFFF1D
:1003F000FFFFFFFFFFFFFFFFFFFFFFFFFFFFFFFF0D
:10040000FFFFFFFFFFFFFFFFFFFFFFFFDEF9FFFF23
:100410000548064B1B1AD90F01EBA301491002D066
:10042000034B03B118477047B08FFF1FB08FFF1FFA
:100430000000000008B5054B1BB105490548AFF3A6
:100440000080BDE80840FFF7E3BF00BF00000000E8
:10045000B08FFF1FE48B010000207047704700BF82
:10046000036D0BB101207047406D003818BF0120AB
:10047000704700BF10B50446806D18B10FF020FE24
:100480000023A365236D2BB104F11800BDE81040D3
:1004900009F032B8636D002BF6D110BD10B50446DB
:1004A000806D00B110BD4FF480700FF001FEA065AB
:1004B000B0B1236D002202703BB101464FF480724F
:1004C000184608F041FDA06D10BD636D002BE9D00A
:1004D00001464FF48072184606F098FAA06D10BDE0
:1004E0000148A06510BD00BFC88FFF1F38B5056D5E
:1004F0006DB10BB1002038BD1146284607F082FAD5
:100500000028F7D02846BDE8384007F013BC446DFA
:10051000002CEFD0204604F03FFF0028EAD0204610
:10052000BDE8384005F05ABD8A79A2F150031B0698
:1005300020D4F0B54B79046D0D798E784F78097819
:10054000013385B002F26C72DBB244B103918DE8E5
:10055000E0000221204607F081FB05B0F0BD406DB0
:100560000028FAD003918DE8E000022105F086FC16
:1005700005B0F0BD0020704710B50446006D80B195
:10058000037813F0700F00D110BD002107F03AFA84
:10059000606D0028F8D0BDE810400022002304F070
:1005A000FBBE606D0028EFD090F8313013F0500F93
:1005B000EAD0BDE810400022002304F0EDBE00BFE9
:1005C00010B50346006D82B00C4620B30DF1060253
:1005D00001A906F03FFE38B3BDF80430BDF806208F
:1005E00053EA020120D0C2F3451C02F01F00D20AD8
:1005F000C3F343114000A2705A0A0139207003F07E
:100600001F0302F5EA62012084F801C023716171C1
:10061000A27102B010BD586D30B10DF1060201A9F2
:1006200004F054FD0028D7D1002002B010BD00BF57
:1006300010B50346006D82B00C4620B30DF10602E2
:1006400001A906F0F7FD38B3BDF80430BDF8062067
:1006500053EA020120D0C2F3451C02F01F00D20A67
:10066000C3F343114000A2705A0A0139207003F00D
:100670001F0302F5EA62012084F801C02371617151
:10068000A27102B010BD586D30B10DF1060201A982
:1006900004F00AFD0028D7D1002002B010BD00BF31
:1006A0000369B3B110B41C680B48E46884420CD1F0
:1006B000186D10B110BC07F077BB586D10B110BCAD
:1006C00005F000BD002010BC70471846234610BC42
:1006D00018470020704700BFAD090000006990B1C5
:1006E0000368154A1B69934225D1036D63B11878DD
:1006F00010F0080007D0D8695B69C01A48BF6FF0D6
:100700000040704718467047436D002BFAD093F8AD
:10071000310010F00800F6D0186919685A695B6852
:10072000401A62EB0303B0F1004F73F10003EAD308
:100730006FF0004070471847910A0000036973B1D9
:100740001A68084952698A4207D1186D08B107F042
:100750001DB8586D18B104F007BE184610474FF089
:10076000FF307047E1080000036963B11A68074968
:1007700092698A4208D1186D08B107F069BA586DBC
:1007800008B105F033BA70471846104771090000E8
:10079000036923B310B51968124A8C68944282B079
:1007A00014D1186D48B101220DF1070106F020FFA8
:1007B00090B19DF8070002B010BD586D0028F8D028
:1007C00001220DF1070104F0FBFCF1E701220DF11C
:1007D00007011846A047EBE74FF0FF30EBE74FF07B
:1007E000FF30704721090000036D13B158690021E3
:1007F0007047436D13B1D3E900017047184619469D
:10080000704700BF036D13B1D86900217047436D75
:1008100013B1D3E90401704718461946704700BF69
:10082000F0B595B00022234F01924FF47A7418313D
:10083000054604A8CDE9122202948DF80C200097F9
:1008400008F0C6FE129B002B29D05C200BF044FC64
:10085000019BC360029B03619DF80C300375164B2E
:1008600003600026154B83600446466004A91830D7
:1008700008F014FE4FF47A73AB606368104AA76007
:100880000133A6656E602A602E732C6163600D4B88
:10089000009304A808F030FE284615B0F0BD139B65
:1008A000002BD2D1064A6B60AC602B732A602B619F
:1008B000EDE700BF147B0100647B0100CC7A0100EE
:1008C000387B0100F07A01000346806C08B106F025
:1008D0005DBFD86C08B104F047BD4FF0FF307047E2
:1008E0000346006D08B106F051BF586D08B104F021
:1008F0003BBD4FF0FF307047036D33B11B7813F0F1
:10090000700F14BF012000207047406D30B190F887
:10091000313013F0500F14BF01200020704700BF8A
:100920000346006D08B106F063BE586D08B104F0CF
:1009300047BC4FF0FF30704700B50346806C83B072
:1009400058B101220DF1070106F052FE01280CD129
:100950009DF8070003B05DF804FBD86C28B10122B4
:100960000DF1070104F02CFCF0E74FF0FF30F1E748
:100970000346006D08B107F06BB9586D08B105F07A
:1009800035B970470346806C08B107F061B9D86C7F
:1009900008B105F02BB970470346806C08B107F029
:1009A00003BAD86C08B105F08DBB70470346006DE3
:1009B00008B107F0F9B9586D08B105F083BB70476D
:1009C00000B5034683B0806C8DF8071038B1012262
:1009D0000DF1070107F0E8F903B05DF804FBD86CEE
:1009E0000028F9D001220DF1070105F06BFB03B0DF
:1009F0005DF804FB8A79A2F150031B0620D4F0B500
:100A00004B79046D0D798E784F780978013385B074
:100A100002F26C72DBB244B103918DE8E000042174
:100A2000204607F01BF905B0F0BD406D0028FAD054
:100A300003918DE8E000042105F020FA05B0F0BD37
:100A400000207047836C53B1187810F008000DD067
:100A5000D8695B69C01A48BF6FF000407047C36C2B
:100A6000A3B193F8310010F0080000D17047186965
:100A700019685A695B68401A62EB0303B0F1004FD2
:100A800073F10003F2D36FF0004070471846EDE7B2
:100A9000036D53B1187810F008000DD0D8695B6968
:100AA000C01A48BF6FF000407047436DA3B193F880
:100AB000310010F0080000D17047186919685A69B0
:100AC0005B68401A62EB0303B0F1004F73F100035F
:100AD000F2D36FF0004070471846EDE710B5036998
:100AE00082B08DF80710BBB11968104ACC689442E7
:100AF00015D1186D30B101220DF1070107F054F93D
:100B000002B010BD586D0028FAD001220DF1070186
:100B100005F0D8FA02B010BD184602B010BD01228F
:100B20000DF107011846A04702B010BDAD09000045
:100B300038B50446806D0C4B236018B10FF0C0FA35
:100B40000023A365236D04F118054BB1284608F076
:100B5000D3FC064BA360284608F0CEFC204638BDE7
:100B6000636D002BF2D1F4E7647B0100F07A0100A1
:100B700038B50446806D0E4B236018B10FF0A0FA13
:100B80000023A365236D04F118056BB1284608F016
:100B9000B3FC084BA360284608F0AEFC20465C215D
:100BA0000BF09CFA204638BD636D002BEED1F0E7C8
:100BB000647B0100F07A010038B5044649B108466B
:100BC0000D4611F05DF9236802465B682946204610
:100BD00098472046BDE838400AF0EABE30B4029C8F
:100BE00011469C4634B1012C1CD0022C0ED00020A2
:100BF00030BC7047056DF5B14FF0FF33934274EB95
:100C00000C04F4D3284630BC06F0FCBE026D0AB3D7
:100C1000D36959184CF10003002BE8D130BC1046C1
:100C200006F0F0BE026D62B1536959184CF1000331
:100C3000002BDCD1F2E7406D0028D8D030BC04F0A6
:100C4000ABBB406D0028D2D0D0E900238A184CEB12
:100C50000303F3E7406D0028C9D0D0E904238A18C4
:100C600030BC4CEB030304F097BB00BFF0B53C4C29
:100C70003C4AA3689BB007210AA80FF0DDFE07AE2F
:100C800002220AA906A810F0C1FB002502220DF1DC
:100C90002A0108AF30468DF81A5010F0B7FB022237
:100CA0000BA938468DF81E5010F0B0FB2E4A009666
:100CB00006AB092101970AA88DF822500FF0BCFE5F
:100CC000E3686068A66804930EF03CFB02460B469E
:100CD0002068264DCDE902230EF034FB244ACDE9ED
:100CE000000133462D210DA80FF0A6FE2C696CB132
:100CF0000DA811F0C5F823681E49DB688B42024637
:100D000027D1206DC0B10DA907F04EF817480AF0A1
:100D10004FFE2B6943B11A68174992698A421CD168
:100D2000186D80B106F094FF144A154B12680992B1
:100D3000099A1A601BB0F0BD606D0028E6D00DA9BD
:100D400005F0C0F9E2E7586D0028EDD004F04EFF41
:100D5000EAE70DA920469847D8E718469047E3E709
:100D60002C87FF1F087501000C7501004087FF1FCD
:100D700018750100AD090000710900008C97FF1F74
:100D80000891FF1F70B50569234B03600446002DD1
:100D900032D06E68013E6E6076BB2B681F4ADB6AFC
:100DA00093422FD1A86D10B10FF08AF9AE652B6D6B
:100DB00023B305F1180008F09FFB2569E5B12B6806
:100DC000174A5B68934224D1A86D164B2B6018B16B
:100DD0000FF076F90023AB652B6D05F11806A3B172
:100DE000304608F089FB104BAB60304608F084FBBE
:100DF0005C2128460BF072F9204670BD6B6D002B0C
:100E0000D7D1DAE728469847D7E76B6D002BE7D1B3
:100E1000E9E728469847EFE7387B010075040000B2
:100E2000710B0000647B0100F07A010070B5056968
:100E3000254B03600446002D32D06E68013E6E6083
:100E400076BB2B68214ADB6A934233D1A86D10B17F
:100E50000FF036F9AE652B6D43B305F1180008F0BD
:100E60004BFB2569E5B12B68194A5B68934228D191
:100E7000A86D184B2B6018B10FF022F90023AB6559
:100E80002B6D05F11806C3B1304608F035FB124B47
:100E9000AB60304608F030FB5C2128460BF01EF9B1
:100EA000204614210BF01AF9204670BD6B6D002B03
:100EB000D3D1D6E728469847D3E76B6D002BE3D113
:100EC000E5E728469847EBE7387B0100750400000A
:100ED000710B0000647B0100F07A01002DE9F04104
:100EE000554B56491A689AB044F20223064606A8A2
:100EF00008F01EFC189B002B7BD05C200BF0ECF85C
:100F00004F4B0025C0E90035079BC3604D4B836004
:100F1000089B03610AAF9DF82430037504463946E7
:100F2000183008F0BBFA484BA3604FF47A73039370
:100F30006368464AA5650133029501928DF8105009
:100F400005946360DFF80881CDF81880384608F012
:100F5000D3FA314601A80AF0FDFC059C002C45D0CF
:100F600023683C4EDB6AB34259D1A06D18B10FF033
:100F7000A7F80023A365236D002B48D004F11800C7
:100F800008F0BAFA059D6C68013C6C6074BB2B6874
:100F9000DB6AB34246D1A86D10B10FF091F8AC6591
:100FA0002B6D002B37D005F1180008F0A5FA059C31
:100FB000E4B12368284A5B6893423AD1A06D204B84
:100FC000236018B10FF07CF80023A365236D04F1B2
:100FD000180553B3284608F08FFAC4F8088028464D
:100FE00008F08AFA5C2120460BF078F81AB0BDE8C8
:100FF000F081199B002B80D1144A02934FF47A712F
:1010000003918DF81030019205930AAF9AE7636D52
:10101000002BB3D1B6E76B6D002BC4D1C7E72046D8
:101020009847AFE728469847C1E7636D002BD1D1B9
:10103000D3E720469847D9E72887FF1FA492FF1FD0
:10104000647B0100CC7A0100147B0100387B010035
:10105000F07A010075040000710B00002DE9F041E9
:10106000574B58491A689AB044F20223064606A81C
:1010700008F05EFB189B002B7ED05C200BF02CF858
:10108000514B0025C0E90035079BC3604F4B83607F
:10109000089B03610AAF9DF8243003750446394666
:1010A000183008F0FBF94A4BA3604FF47A730393AE
:1010B0006368484AA5650133029501928DF8105086
:1010C00005946360DFF81081CDF81880384608F089
:1010D00013FA314601A80AF03DFC01A80AF068FCA9
:1010E000059C002C45D023683C4EDB6AB3425AD1A4
:1010F000A06D18B10EF0E4FF0023A365236D002B53
:1011000049D004F1180008F0F7F9059D6C68013C1E
:101110006C6074BB2B68DB6AB34247D1A86D10B119
:101120000EF0CEFFAC652B6D002B38D005F118000A
:1011300008F0E2F9059CE4B12368294A5B68934210
:101140003BD1A06D204B236018B10EF0B9FF0023F6
:10115000A365236D04F118055BB3284608F0CCF9AC
:10116000C4F80880284608F0C7F95C2120460AF038
:10117000B5FF1AB0BDE8F081199B002B7FF47DAF5D
:10118000144A02934FF47A7103918DF81030019252
:1011900005930AAF96E7636D002BB2D1B5E76B6D8F
:1011A000002BC3D1C6E720469847AEE728469847AC
:1011B000C0E7636D002BD0D1D2E720469847D8E72F
:1011C0002887FF1FA492FF1F647B0100CC7A0100D7
:1011D000147B0100387B0100F07A010075040000E7
:1011E000710B00002DE9F041574B58491A689AB02D
:1011F00044F20223064606A808F09AFA189B002B30
:101200007ED05C200AF068FF514B0025C0E9003514
:10121000079BC3604F4B8360089B03610AAF9DF837
:101220002430037504463946183008F037F94A4B24
:10123000A3604FF47A7303936368484AA56501334A
:10124000029501928DF8105005946360DFF81081CB
:10125000CDF81880384608F04FF9314601A80AF059
:101260009FFB01A80AF0A4FB059C002C45D0236835
:101270003C4EDB6AB3425AD1A06D18B10EF020FF8C
:101280000023A365236D002B49D004F1180008F05A
:1012900033F9059D6C68013C6C6074BB2B68DB6A9C
:1012A000B34247D1A86D10B10EF00AFFAC652B6DAB
:1012B000002B38D005F1180008F01EF9059CE4B1A8
:1012C0002368294A5B6893423BD1A06D204B236081
:1012D00018B10EF0F5FE0023A365236D04F1180587
:1012E0005BB3284608F008F9C4F80880284608F0DF
:1012F00003F95C2120460AF0F1FE1AB0BDE8F08146
:10130000199B002B7FF47DAF144A02934FF47A713E
:1013100003918DF81030019205930AAF96E7636D43
:10132000002BB2D1B5E76B6D002BC3D1C6E72046C9
:101330009847AEE728469847C0E7636D002BD0D1A9
:10134000D2E720469847D8E72887FF1FA492FF1FBF
:10135000647B0100CC7A0100147B0100387B010022
:10136000F07A010075040000710B000010B58AB01E
:1013700002460C4601A82C4902F03CFA22232246E0
:1013800001A903A802F03CFA284803A902F076FA62
:101390002222002126480FF0EDFE2448322102F0DF
:1013A0000DFA044650B1214802F07CF902F0FEF833
:1013B0008B281FD0002420460AB010BD1B4802F025
:1013C00071F902F0F7F80028F4D0062119480DF061
:1013D0000BFC164802F066F902F0F2F823460146CB
:1013E0000A2215480AF0FCFA13480AF0E1FA2046EE
:1013F0000AB010BD0D4802F055F9104902F0E8F8A6
:101400000E4802F0E1F8062130B90D480DF0ECFB72
:1014100009480AF0CDFACEE70A480DF0E5FB064888
:101420000AF0C6FAC6E700BF00A21300BC91FF1F76
:101430007492FF1F3C7501004488FF1FB091FF1F8D
:101440002C7501003475010000B5092185B03C48B8
:101450000DF0CAFB3B480AF0ABFA3B493B4810F0A1
:10146000A3F908B30E213A480DF0BEFB35480AF047
:101470009FFA374901A80AF073FB01A8FFF7EEFDB8
:1014800001A80AF0A7FB334901A80AF069FB324919
:101490000023222201A80AF0ADFC01A80AF09AFB61
:1014A0002D492E48FFF762FF2D49284810F07CF99E
:1014B000002841D002212A480DF096FB21480AF06D
:1014C00077FA284901A80AF04BFB01A8FFF7C6FDEF
:1014D00001A80AF07FFB244901A80AF041FB002380
:1014E00022221D4901A80AF085FC01A80AF072FB1E
:1014F00019491A48FFF73AFF1C4B1D4801221A7080
:1015000010F0BEFC1149C0F1630219480FF00AFF48
:10151000184901A80AF024FB01A8FFF7DFFC01A885
:101520000AF058FB124901A80AF01AFB01A8FFF7BC
:1015300095FD01A80AF04EFB05B05DF804FB00BF65
:10154000447501004488FF1F507501004092FF1F41
:1015500058750100687501007492FF1F364A7B417F
:1015600070750100747501007C750100C98FFF1F43
:10157000CC8FFF1F8875010000B5072185B03A4860
:101580000DF032FB39480AF013FA374901A80AF086
:10159000E7FA01A8FFF762FD01A80AF01BFB344936
:1015A000344810F001F9002830D0072132480DF0FE
:1015B0001BFB2E480AF0FCF92F4901A80AF0D0FACB
:1015C00001A8FFF74BFD01A80AF004FB2B4B2C48A8
:1015D00001221A7010F054FC2649C0F16302284819
:1015E0000FF0A0FE274901A80AF0BAFA01A8FFF7F8
:1015F00075FC01A80AF0EEFA214901A80AF0B0FA38
:1016000001A8FFF72BFD01A80AF0E4FA1E491948CA
:1016100010F0CAF820B30C211C480DF0E5FA13486D
:101620000AF0C6F9194901A80AF09AFA01A8FFF7C9
:1016300015FD01A80AF0CEFA154901A80AF090FAA2
:1016400014490023222201A80AF0D4FB01A80AF0C1
:10165000C1FA1049104805B05DF804EBFFF786BEEB
:1016600005B05DF804FB00BF987501004488FF1FBA
:10167000707501004092FF1FA0750100C98FFF1F08
:10168000CC8FFF1FA875010050750100B8750100CF
:10169000687501007492FF1F3A4A7B4100B507212B
:1016A00085B03A480DF0A0FA39480AF081F9374977
:1016B00001A80AF055FA01A8FFF7D0FC01A80AF02A
:1016C00089FA3449344810F06FF8002830D00721E7
:1016D00032480DF089FA2E480AF06AF92F4901A81C
:1016E0000AF03EFA01A8FFF7B9FC01A80AF072FA65
:1016F0002B4B2C4801221A7010F0C2FB2649C0F176
:10170000630228480FF00EFE274901A80AF028FAC4
:1017100001A8FFF7E3FB01A80AF05CFA214901A840
:101720000AF01EFA01A8FFF799FC01A80AF052FA84
:101730001E49194810F038F820B30C211C480DF050
:1017400053FA13480AF034F9194901A80AF008FAC3
:1017500001A8FFF783FC01A80AF03CFA154901A88B
:101760000AF0FEF914490023222201A80AF042FBE4
:1017700001A80AF02FFA1049104805B05DF804EBF3
:10178000FFF7F4BD05B05DF804FB00BFC8750100AC
:101790004488FF1F707501004092FF1FD075010043
:1017A000C98FFF1FCC8FFF1FD87501005075010036
:1017B000E8750100687501007492FF1F3A4A7B4189
:1017C00000B5082185B025480DF00EFA24480AF02E
:1017D000EFF8224901A80AF0C3F901A8FFF73EFC7F
:1017E00001A80AF0F7F91F491F480FF0DDFF002894
:1017F00030D009211D480DF0F7F919480AF0D8F842
:101800001A4901A80AF0ACF901A8FFF727FC01A8C2
:101810000AF0E0F9164B174801221A7010F030FB5D
:101820001149C0F1630213480FF07CFD124901A871
:101830000AF096F901A8FFF751FB01A80AF0CAF9CE
:101840000C4901A80AF08CF901A8FFF707FC01A8D0
:101850000AF0C0F905B05DF804FB00BFF87501009F
:101860004488FF1F047601004092FF1F08760100A4
:10187000C98FFF1FCC8FFF1F147601002DE9F041A7
:1018800093489AB001F010FF914801F00BFF01F06E
:101890008FFE10B91AB0BDE8F0818D4801F002FF4B
:1018A00001F084FE9028F5D1894801F0FBFE8949BA
:1018B00001F0ACFE884801F0A7FE01F09FFF8749C8
:1018C000054606A80AF04CF906A8FFF707FB06A88C
:1018D0000AF080F9824B83491A6806A844F2022371
:1018E00007F026FF189B002B00F0BD805C200AF05B
:1018F000F3FB7D4B0026C0E90036079BC3607B4BA2
:101900008360089B03610AAF9DF824300375044689
:101910003946183007F0C2FD754B01936368A66520
:1019200001336360734BA3604FF47A7302968DF8B2
:10193000106005940393DFF8C081CDF81880384615
:1019400007F0DAFD00231022294601A80AF048F822
:1019500001A80AF02DF8059C002C4CD02368674F95
:10196000DB6ABB4240F09D80A06D18B10EF0A8FB71
:101970000023A365236D002B00F08E8004F1180076
:1019800007F0BAFD059E7468013C7460002C32D1EA
:101990003368DB6ABB4240F09180B06D10B10EF04D
:1019A0008FFBB465336D002B00F0838006F11800C7
:1019B00007F0A2FD059CF4B12368514A5B6893428D
:1019C00040F08380A06D484B236018B10EF078FB87
:1019D0000023A365236D04F11806002B71D0304657
:1019E00007F08AFDC4F80880304607F085FD5C21C9
:1019F00020460AF073FB374801F03CFE302822D81D
:101A0000312200213F480FF0B5FB334801F028FE9A
:101A10000446304801F02EFE2146024639480AF0BD
:101A20000BFA394B9D4232D0384B9D422AD0384B6D
:101A30009D4239D0374B9D427FF42CAF1AB0BDE8A0
:101A4000F041FFF7BDBE344906A80AF089F806A8A0
:101A5000FFF744FA06A80AF0BDF81E4801F00AFE96
:101A6000FFF7C0FBCCE7199B002B7FF43FAF204A68
:101A700002934FF47A7103918DF81030019205931F
:101A80000AAF58E71AB0BDE8F041FFF7DDBC1AB065
:101A9000BDE8F041FFF770BD636D002B7FF46EAFC2
:101AA00070E7204698476DE71AB0BDE8F041FFF7B0
:101AB000F5BD736D002B7FF479AF7BE73046984717
:101AC00078E7636D002B8AD18CE72046984792E730
:101AD000BC91FF1F6491FF1F6091FF1F24760100DE
:101AE0002887FF1FA492FF1F647B0100CC7A0100AE
:101AF000387B0100147B0100F07A010075040000BE
:101B0000710B00004092FF1F3A4A7B41364A7B41ED
:101B1000AC919041BCDD5642307601002DE9F04198
:101B20002F4C0FCC90B005AD0FC50FCC0FC594E86E
:101B300007000C3485E8070094E8030003AC84E850
:101B4000030005AD0DF13F06B52001E015F8010FCA
:101B50000CF02CF9B542F9D1224E4FF47A700AF00C
:101B60007FFD33680193019D05F59C5508350DF106
:101B70001307B52001E014F8010F0CF017F9A74284
:101B8000F9D100240227A04602E00CF051F948B92F
:101B900033680293029B9D42F7D80024204610B080
:101BA000BDE8F0810CF058F907F140036B443CB1FB
:101BB00013F82C3C834207F10107EED12B2FEDDC0B
:101BC000B52804D0622805D04FF00008E0E74FF0B8
:101BD0000108DDE7B8F1000F18BF4446D8E700BFA1
:101BE000C07C01008C97FF1F2DE9704F194D0446F2
:101BF000284609F0AFFB824628468B4609F0CAFB0F
:101C000000238046D5F8800085F8893085F8493072
:101C100085F8793089460DF0CFFF0F490EF0D4F8E2
:101C20000EF0FAF95946064650460DF0BBFE4946FD
:101C3000206040460DF0B6FE084AEB6CD5F89010D7
:101C40006060A2FB03235B09E6602046A36021617C
:101C5000BDE8708F3090FF1F0000C8421F85EB5118
:101C600030B5164C89B006E00CF0F6F8C1B220464B
:101C700009F00CFB90B90CF0DBF80028F4D1FFF769
:101C8000FDFD0F4B0F4A1B680793079B12689B1AB9
:101C9000B3F57A7F0CD8012009B030BD68466C4698
:101CA000FFF7A2FF0FCC084D0FC523682B60E6E7B6
:101CB000FEF7DCFF012009B030BD00BF3090FF1FF0
:101CC0008C97FF1F0891FF1F2C87FF1F38B501213C
:101CD00004200AF089FC002104200AF051FC0021B4
:101CE00005200AF04DFC0D4D00242146284609F040
:101CF00057FE284609F05CFE64200AF0B1FC012181
:101D000004200AF03DFC19200AF0AAFC013400214D
:101D100004200AF035FC0A2CE7D138BD4488FF1FA7
:101D200038B51E481E4C1F4D01F0A6FC1E4801F0A0
:101D30003BFC1E4801F046FC1D4801F05BFC1D48C1
:101D400001F096FC1C4808F0DDFF21462A461B489E
:101D50000DF08EF921462A4619480DF089F92146E1
:101D60002A461848184C0DF083F9184B18491C6086
:101D70001E204FF496744FF0FF3258609860DC607C
:101D8000002001241A619C829A61DA611C8483F824
:101D9000220058629962D9621A6338BDBC91FF1F54
:101DA000850D00002087FF1F5491FF1FB091FF1F7A
:101DB0006091FF1F4891FF1F3090FF1F4087FF1F5A
:101DC0005C87FF1F7487FF1FC487FF1F1491FF1FCD
:101DD0006C80010030B54FF4165189B01348144C93
:101DE00009F0A6FC32200AF03BFC0FCC0DF1040CEC
:101DF000ACE80F0094E807000DF11F058CE8070020
:101E000001ACB52001E014F8010F0BF0CFFFAC429C
:101E1000F9D10BF009FF05484FF4E13109F088FCD6
:101E2000642009B0BDE830400AF01ABCEC87FF1FFF
:101E3000887C0100F0B595B06D46FFF7CBFF2B49CC
:101E40005022284609F0F8FF2C460DF14F06B52028
:101E500001E014F8010F0BF0A9FFB442F9D1244BB3
:101E60000FCB2C4685E80F000DF10F06B52001E0E1
:101E700014F8010F0BF09AFFB442F9D1FFF74EFEB0
:101E800060BB1C4811210CF0AFFE1B4809F090FD0F
:101E90001A4B0FCB2F4607C72C460DF10D063B8082
:101EA000B52001E014F8010F0BF080FFA642F9D134
:101EB000134F0FCF2C460FC597E8030045F8040BCE
:101EC00005AE4FF0B50C297001E014F801CF604663
:101ED0000BF06CFFA642F8D115B0F0BD08210948FF
:101EE0000CF082FE044809F063FDD1E7DC7B0100C1
:101EF0002C7C01004C7601004488FF1F3C7C0100D3
:101F0000F47C0100607601002DE9F047A64DA74C56
:101F10002E68A74FDFF89C92ACB040F2EE280CF090
:101F200069FF2378002B00F05F833B78DB0740F1EB
:101F30005B832B68D9F800209B1A0E2B40F2548348
:101F40009D484FF4165109F03BFB4FF496419B48D6
:101F500009F0BEFA4FF47A700AF082FB0821984823
:101F60000CF042FE974809F023FDFFF763FF92490A
:101F7000954801F093FBFFF7A9FE0621934802F074
:101F8000F9FF934B93491A6818A844F2022307F00B
:101F9000CFFB2A9B002B00F085845C200AF09CF884
:101FA0009DF86C3003758C4B199903601A9A8B4B12
:101FB000C16000261CAD044683600261466029466C
:101FC000183007F06BFA864BA3606368A66501338F
:101FD0006360844FDFF81082CDF86080284607F0F8
:101FE0008BFA3E6936B17368013B73600093002B36
:101FF00000F08C837D4B77491A683C6144F20223E0
:1020000018A807F095FB2A9B002B00F045845C2064
:102010000AF062F8199BC3601A9B03619DF86C304B
:1020200003756D4B036004466C4B8360002646606D
:102030002946183007F032FA6368A66501336360F9
:10204000674BA3606A4ECDF86080284607F054FACB
:10205000336933B15A68013A5A600092002A00F09D
:102060001383644B5B491A68346144F2022318A855
:1020700007F05EFB2A9B002B00F01B845C200AF01B
:102080002BF8199BC3601A9B03619DF86C30037594
:10209000514B03600446514B83604FF00009C0F878
:1020A00004902946183007F0F9F96368C4F858908D
:1020B000013363604A4BA36028464F4DCDF86080E2
:1020C00007F01AFA2B6933B15A68013A5A60009244
:1020D000002A00F097820A202C610AF0C1FA3B69BD
:1020E0006BB11A68D468454A944240F03984186D3F
:1020F000002800F04D8342490C2205F055FE394876
:1021000009F056FC33696BB11A68D4683B4A9442B3
:1021100040F01D84186D002800F0318339490B22EE
:1021200005F042FE324809F043FC2B696BB11A6896
:10213000D468324A944240F01C84186D002800F0A4
:10214000458331490B2205F02FFE2B4809F030FC66
:102150003B695BB11A682D4992698A4240F0FD8360
:10216000186D002800F01D8305F072FD33695BB126
:102170001A68264992698A4240F0E683186D002861
:1021800000F01D8305F064FD2B69002B40D01A6818
:102190001E4992698A4240F0E983186D002800F0D8
:1021A000078305F055FD33E08C97FF1F289AFF1F2A
:1021B0004C9AFF1F509AFF1FD887FF1FC487FF1F2D
:1021C0006C7601004488FF1FBC91FF1FA092FF1F87
:1021D0005487FF1FA492FF1F647B0100CC7A01008B
:1021E000147B01004087FF1FF07A01007087FF1FFA
:1021F0005C87FF1F8887FF1F7487FF1FAD090000E2
:10220000787601008876010094760100710900005B
:102210000821BA480CF0E8FCB94809F0C9FBB949F3
:1022200018A809F09DFC18A8FEF718FF18A809F0D7
:10223000D1FCB54918A809F093FC00232222B34928
:1022400018A809F0D7FD18A809F0C4FCAF49B04898
:10225000FFF78CF81121AF480CF0C6FCA84809F034
:10226000A7FBAD4802F0C4FB00210446AA4801F0D8
:1022700069FBA948782101F063FB002C40F0E8825B
:102280000D21A648A64D0CF0AFFC9D4809F090FB2F
:10229000A44918A809F064FC234622229B4918A8E7
:1022A00009F0A8FD18A809F095FC98499848FFF78F
:1022B0005DF89948294601F0A7FD0446002840F042
:1022C0008E821D219848994E994F0CF08DFC2968FB
:1022D0008B4809F065FB8A4809F06AFB954915A807
:1022E00009F03EFC0A22296812A809F0C7FC12A9CD
:1022F00015A809F069FD014618A809F04FFC23460E
:102300002222824918A809F075FD18A809F062FC7C
:1023100012A809F05FFC15A809F05CFC7B497C4819
:10232000FFF724F8844918A809F01AFC2346222252
:10233000764918A809F05EFD18A809F04BFC73490E
:102340007348FFF713F8214609A809F009FC092191
:102350007A487B4C0CF048FC694809F029FBF3688B
:10236000013BBB421BD90BF063FD0028F7D00BF0FB
:1023700073FDC1B2204608F089FF0028F3D002A8FF
:10238000FFF732FC0DF1080CBCE80F00674D0FC5DC
:10239000DCF800302B60F368013BBB42E3D80A2233
:1023A000B1680CA809F096FC0CA90FA809F0F6FB7F
:1023B00064490FA809F010FD04220446316812A8F0
:1023C00009F09EFC12A9204609F0FEFC5D4909F0C7
:1023D00003FD04220446716815A809F091FC15A9B3
:1023E000204609F0F1FC574909F0F6FC0A220446A0
:1023F000F16818A809F058FC18A9204609F0E4FC77
:10240000014609A809F098FC18A809F0E3FB15A8F3
:1024100009F0E0FB12A809F0DDFB0FA809F0DAFBD8
:102420000CA809F0D7FB09A9474809F093FA4648D8
:1024300009F0BEFA454918A809F092FB18A8FEF762
:102440000DFE18A809F0C6FB05244FF4FA700AF037
:1024500007F9012104200AF093F8FA200AF000F9A4
:10246000002104200AF08CF8013CEED1384918A86C
:1024700009F076FB09A915A809F090FB15A918A881
:1024800009F0A2FC01461E4809F064FA1C4809F054
:102490008FFA15A809F09EFB18A809F09BFB2D499F
:1024A00018A809F05DFB23462222184918A809F054
:1024B000A1FC18A809F08EFB14491548FEF756FF39
:1024C0003F2125480CF090FB2346312209A818A98A
:1024D00009F090FC104818A902F0C8F8044600283A
:1024E00000F0ED811D4915A809F03AFB0A222146AA
:1024F00012A809F0C3FB12A932E000BFA0760100C8
:102500004488FF1FAC760100BC7601007492FF1F67
:10251000364A7B41C47601001491FF1F14770100F5
:10252000AC91FF1F24770100547701002C87FF1F17
:102530009F86010074770100807701009877010081
:102540003090FF1F447601007487FF1FA4770100BD
:10255000AC770100B8770100C07701000078010076
:1025600015A809F031FC0146AC4809F0F3F9AB4875
:1025700009F01EFA12A809F02DFB15A809F02AFB94
:10258000A64809F015FAA64915A809F0E9FA15A810
:10259000FEF7A4FC15A809F01DFB2046FEF722FE5D
:1025A000072C00F0F5819F4915A809F0D9FA15A864
:1025B000FEF754FD15A809F00DFB9B4915A809F07D
:1025C000CFFA00232222994915A809F013FC15A877
:1025D00009F000FB95499648FEF7C8FE09A809F0E6
:1025E000F9FA2CB0BDE8F0872B6822789B1B32B13A
:1025F000B3F5FA6F3FF6A4AC0CF0FCFB8FE4434557
:10260000FAD99DE419688B48C96A814240F0B781C4
:10261000986D28B101930DF053FDDDE900239A6513
:102620001A6D002A00F0868103F1180006F064FF9D
:10263000D5F81090B9F1000F3FF44DADD9F8003046
:102640007D4A5B68934240F0C081D9F858007B4BCB
:10265000C9F8003020B10DF033FD0023C9F858301F
:10266000D9F8503009F1180A002B00F09981504632
:1026700006F042FFC9F80880504606F03DFF484684
:102680005C2109F02BFD26E519686A48C96A814278
:1026900040F07B81986D28B101930DF011FDDDE9CB
:1026A00000239A651A6D002A00F03F8103F118009B
:1026B00006F022FFD6F81090B9F1000F3FF4D1AC2C
:1026C000D9F800305C4A5B68934240F08281D9F8C7
:1026D00058005A4BC9F8003020B10DF0F1FC00232E
:1026E000C9F85830D9F8503009F1180A002B00F019
:1026F0005D81504606F000FFC9F80880504606F09C
:10270000FBFE48465C2109F0E9FCAAE4326849492D
:10271000D26A8A4240F03681B06D18B10DF0D0FC1B
:10272000009BB365336D002B00F0098106F11800A2
:1027300006F0E2FE3E69002E3FF45CAC33683E4A90
:102740005B68934240F03D81B06D3C4B336018B103
:102750000DF0B6FC0023B365336D06F11809002BAC
:1027600000F02A81484606F0C7FEC6F808804846B1
:1027700006F0C2FE30465C2109F0B0FC3AE4586D28
:1027800000283FF4CFAC2E490B2203F09BFCC9E498
:10279000586D00283FF4B3AC2A490C2203F092FC98
:1027A000ADE4586D00283FF4E1AC03F01FFADDE41E
:1027B000586D00283FF42CAD03F018FA28E5586D49
:1027C00000283FF4E1AC03F011FADDE4586D002875
:1027D0003FF4BBAC1C490B2203F074FCB5E41C2194
:1027E0001A480CF001FA21460C4809F0D9F80B48B8
:1027F00009F0DEF8154918A809F0B2F918A8FEF793
:102800006DFB18A809F0E6F92046FEF7EBFC4FF047
:10281000FF332B602CB0BDE8F08700BF4488FF1F5A
:10282000007801001C7801005C7801007492FF1FA1
:10283000364A7B4175040000710B0000647B010087
:1028400088760100787601009476010034770100E3
:10285000142162480CF0C8F92146614809F0A0F83B
:102860005F4809F0A5F85D4918A809F079F918A89A
:10287000FEF734FB18A809F0ADF92046FEF7B2FCCC
:10288000052CC7D1202157480CF0AEF954482CB084
:10289000BDE8F04709F08CB82B9C002C7FF4B7AB57
:1028A000FFF7D0BB2B9C002C7FF477AB1CADFFF760
:1028B00090BB2B9C002C7FF4E1ABFFF7FDBB4A499A
:1028C00015A809F04DF918A912A809F049F912A99B
:1028D00015A809F079FA0146414809F03BF840484B
:1028E00009F066F812A809F075F915A809F072F94F
:1028F0003D4912A809F034F918A90FA809F030F9D8
:102900000FA912A809F060FA014615A809F046F9C6
:1029100015A8FEF7A3FB15A809F05CF90FA809F0AC
:1029200059F912A809F056F947E65A6D002A7FF4C2
:10293000BDAEBFE65A6D002A7FF476AE78E6736DC1
:10294000002B7FF4F3AEF5E6184690471CE42749C8
:1029500018460B22A047FFF7E5BB1846904705E451
:10296000234918460C22A047FFF7C9BB18469047D9
:102970004EE4204918460B22A047FFF7E6BB184655
:10298000884755E630469047D4E61846884791E692
:10299000282119480CF028F9114809F009F802E635
:1029A000D9F85430002B7FF462AE63E6D9F8543086
:1029B000002B7FF49EAE9FE6736D002B7FF4D2AEAA
:1029C000D3E630469847FFF715BB48469847FFF7D0
:1029D00082BB48469847FFF744BB00BFD87601004A
:1029E0004488FF1FF07601004878010088760100D6
:1029F00078760100947601001C78010030B5AB496F
:102A0000AB4889B00EF0D0FE18B3AA4BAA480022FA
:102A100010211A600CF0E8F8A84808F0C9FFA64990
:102A200004A809F09DF804A8FEF718FB04A809F013
:102A3000D1F8A34BA34801221A700FF021FAA24942
:102A40000246A048C2F1630209B0BDE830400EF072
:102A500069BC9E4996480EF0A7FE0446E0B1954B2E
:102A60009B482A220D211A600CF0BEF8934808F00A
:102A70009FFF974904A809F073F804A8FEF7EEFA3F
:102A800004A809F0A7F88E4B8E4801221A700FF0A7
:102A9000F7F990490246D4E78F4985480EF084FE45
:102AA000E8B1844B1B682A2B44D08C4904A809F058
:102AB00057F804A8FEF7D2FA04A809F08BF81421FD
:102AC00086480CF091F87D4808F072FF7C4B7D48F9
:102AD00001221A700FF0D4F981490246B1E7814909
:102AE00073480EF061FE0446002848D07E497048C5
:102AF0000EF05AFE002871D00D217C480CF074F8BD
:102B00006E4808F055FF794904A809F029F804A88F
:102B1000FEF7A4FA04A809F05DF87549684B694806
:102B200001224EF660240C601A700FF0A9F9714969
:102B3000024686E7042170480CF056F85F4808F01A
:102B400037FF6E4904A809F00BF804A8FEF786FACF
:102B500004A809F03FF8684904A809F001F82346E1
:102B60006749222204A809F045F904A809F032F8BF
:102B70006349644809B0BDE83040FEF7F7BB6249DD
:102B80004B480EF011FE00286ED009215E480CF073
:102B90002BF84A4808F00CFF5B4904A808F0E0FF56
:102BA00004A8FEF75BFA04A809F014F8564904A833
:102BB00008F0D6FF23462222514904A809F01AF949
:102BC00004A809F007F84E495048FEF7CFFB0BF078
:102BD0002BF809B0BDE83040FFF72CB94C49344818
:102BE0000EF0E2FDE0B10D214A484B4C0BF0FCFF2A
:102BF000324808F0DDFE474904A808F0B1FF04A8F8
:102C0000FEF72CFA04A808F0E5FF39492C4B2D48B3
:102C10000C6001221A700FF033F94049024610E7A8
:102C20003F4923480EF0C0FD002800F087800D21A9
:102C30003C483D4C0BF0D8FF204808F0B9FE39491C
:102C400004A808F08DFF04A8FEF708FA04A808F00D
:102C5000C1FF27491A4B1B480C6001221A700FF064
:102C60000FF932490246ECE6314911480EF09CFD5D
:102C70000446002800F086800C212E480BF0B4FF9B
:102C80000E4808F095FE2C4904A808F069FF04A836
:102C9000FEF7E4F904A808F09DFF094B094801225A
:102CA0001A700FF0EDF822490246CAE66C7801006E
:102CB0007891FF1F2487FF1F747801004488FF1F4D
:102CC000C98FFF1FCC8FFF1F88780100907801000B
:102CD00094780100D8780100A4780100BC78010044
:102CE000D4780100E0780100E8780100F078010074
:102CF0005887FF1F00790100AC780100B47801000B
:102D00007492FF1F3A4A7B4158790100364A7B4151
:102D1000047901000C790100E09304001C790100A2
:102D20002079010028790100A0BB0D00387901004D
:102D3000847901006479010074790100A749A848E9
:102D40000EF032FD002800F088800F21A548A64C27
:102D50000BF04AFFA54808F02BFEA54904A808F08F
:102D6000FFFE04A8FEF77AF904A808F033FFA14992
:102D7000A14BA2480C6001221A700FF081F8A04903
:102D800002465EE69F4996480EF00EFD0546002875
:102D900065D009219C480BF027FF944808F008FEF5
:102DA000994904A808F0DCFE04A8FEF757F904A826
:102DB00008F010FF944904A808F0D2FE9349234676
:102DC000222204A809F016F804A808F003FF8F498E
:102DD0008F48CFE68F4982480EF0E6FC002800F0CD
:102DE00098808C498148FDF7E7FE7D4987480EF0C1
:102DF00013FA894B93E803000A2204908DF814100B
:102E00000DF1150000210EF0B5F980498048FEF75C
:102E1000ADFA00286CD17D497D48FEF7A7FA00285D
:102E200066D17E4901A808F09BFE01A8FEF716F9BD
:102E300001A808F0CFFE7A4B93E8030005908DF8C7
:102E400018106D4B6D4801221A700FF019F804A983
:102E5000C0F1630269480EF065FA09B030BD7149EE
:102E60005F480EF0A1FCB0B10A216F480BF0BCFE28
:102E70005E4808F09DFD6C4904A808F071FE04A8A6
:102E8000FEF7ECF804A808F0A5FE674904A808F0CE
:102E900067FE2B4664E6654951480EF085FC002824
:102EA00098D063495148FDF787FE4D4957480EF0C9
:102EB000B3F956495F48FEF759FAB8B953495D4826
:102EC000FEF754FA90B95C4904A808F049FE04A83A
:102ED000FEF7C4F804A808F07DFE474B47480122DE
:102EE0001A700EF0CDFF55490246AAE55049EBE7AE
:102EF000484901A808F034FE01A8FEF7AFF801A880
:102F000008F068FE4E4B93E8030005908DF818100A
:102F100097E74C4932480EF047FC0546002800F080
:102F2000998004AC47493148FDF746FE45492046A3
:102F300008F016FE2046FEF791F8204608F04AFEFB
:102F4000274932480EF068F93F4B93E8030000230D
:102F50000490ADF814103D482C49ADF81630ADF88A
:102F60001830ADF81A30ADF81C308DF81E30FEF771
:102F7000FDF9002840F0CB8024493448FEF7F6F9EB
:102F8000002840F0C48021493048FEF7EFF90028BE
:102F900040F0BD801D492D48FEF7E8F9002840F0BB
:102FA000B6802B4901A808F0DBFD01A8FEF756F812
:102FB00001A808F00FFE1A4905220DF1150008F0CE
:102FC0003BFF0D4B0D4801221A700EF059FF2146B0
:102FD000C0F1630209480EF0A5F93EE73C79010013
:102FE0007891FF1F4479010080EE36004488FF1F6E
:102FF000287901005887FF1FC98FFF1FCC8FFF1F43
:1030000054790100807901008C7901007492FF1FCE
:10301000364A7B41E47901000C7D0100EC79010026
:10302000F879010098790100A4790100B0790100D4
:10303000BC7901003A4A7B41C8790100D879010086
:10304000047A0100007A01001C7D0100AC919041DE
:103050000C7A01003F4940480EF0A6FB00283FF4DF
:10306000FCAE04AC3B493D48FDF7A6FD394920467E
:1030700008F076FD2046FDF7F1FF204608F0AAFD96
:10308000354937480EF0C8F8364B93E8030008225C
:103090000B0C0490ADF814100DF1170029468DF8B3
:1030A00016300EF067F82E492F48FEF75FF900281A
:1030B0003ED12B492C48FEF759F9002838D1284930
:1030C0002948FEF753F9002832D125492648FEF752
:1030D0004DF968BB254901A808F042FD01A8FDF79C
:1030E000BDFF01A808F076FD214905220DF116006B
:1030F00008F0A2FE1F4B204801221A700EF0C0FEFD
:103100002146C0F163021C480EF00CF9A5E61B49EC
:1031100001A808F025FD01A8FDF7A0FF01A808F00F
:1031200059FD174905220DF1150008F085FE48E705
:10313000084901A808F014FD01A8FDF78FFF01A8B8
:1031400008F048FD0E4905220DF1160008F074FE46
:10315000D0E700BF1C7A01007891FF1F4488FF1F51
:103160007492FF1F2C7D0100BCDD5642287A0100BD
:10317000F8790100C98FFF1FCC8FFF1F007A010073
:10318000047A01002DE9F04FA54FB3B0FEF768FDBA
:10319000FEF774FB3B68A34A0B930B9B12689B1AC8
:1031A000B3F57A7F3CD83B689F4C0893089B216815
:1031B00043F698225B1A934212D89C4B1B68002B53
:1031C0000BDD3B68DFF868A29A4A0A930A9BDAF89B
:1031D000001012685B1A934225D833B0BDE8F08F17
:1031E000002395480F930FA900F00EFE0546002816
:1031F00000F0F48009280CD0904912A808F0B0FC27
:1032000012A8FDF76BFE12A808F0E4FC2846FDF7B3
:10321000E9FF864B1B683A680992099A2260CEE75B
:10322000FDF724FDBFE7864D31230793EB68AC68BB
:10323000049368680CF086F8CDE9020128680CF068
:1032400081F823467F4C804ACDE90001802112A8F5
:103250000DF0F2FB23780FAE002B40F00B8112A98A
:10326000304608F07DFC3046FDF738FE304608F069
:10327000B1FC7649DFF8D881304608F071FC304661
:10328000FDF7ECFE304608F0A5FC0C216F480BF072
:10329000ABFC704808F08CFBD8F8104084B112A841
:1032A0000EF0EEFD23686C49DB688B42024640F06D
:1032B0002E81206D002800F0078112A904F074FD12
:1032C000634808F075FBD8F810305BB11A686349A1
:1032D00092698A4240F01881186D002800F0FC8045
:1032E00004F0B6FC07AB5E4A5348DFF8788112A9B8
:1032F00001F0D0F95C49C4B2304608F031FC3046E8
:10330000FDF7ECFD304608F065FC2046FDF76AFF4E
:103310005649304608F024FC21460CA808F096FCDB
:103320000CA9304608F050FD01464A4808F012FB4F
:10333000484808F03DFB0CA808F04CFC304608F06B
:1033400049FC0A22A968304608F0C4FC31464046D0
:1033500008F000FB304608F03DFCD8F810306BB1A7
:103360001A68D4683C4A944240F0C980186D00281D
:1033700000F0B9803E49012204F016FDFFF73EFB44
:10338000079B002B33D00024354DDFF8CCB0A1468D
:103390000BE0314604F008FD012005F8019C09F01E
:1033A0005FF9079B0134A34221D9D8F8101015F812
:1033B000013B8DF83C300029EED00B68DB685B45A3
:1033C0004FF001020ED1086D0028E2D1486D0122B4
:1033D0000028E1D0314602F075FEDDE7134A0F9B6D
:1033E000136018E70846012231469847D4E71D4884
:1033F00008F0DEFAD8F810304BB11A681749926914
:103400008A4279D1186D002858D004F021FC3B681D
:103410000F930F9BCAF8003033B0BDE8F08F00BFA8
:103420008C97FF1F0891FF1F1091FF1FAC91FF1F8A
:103430000C91FF1F5887FF1F1491FF1F387A01005E
:103440002C87FF1FC98FFF1F4C7A0100707A010083
:103450007487FF1F4488FF1FAD0900007109000039
:103460007891FF1F5C87FF1F807A0100B07A01000E
:10347000C07A01002849304608F072FB3046FDF75B
:103480002DFD304608F0A6FB2449304608F068FBC5
:103490003046FDF7E3FD304608F09CFB12A80EF025
:1034A000EFFC1E49C0F17F0212A80DF03BFF002186
:1034B00064221A4821700DF05DFED0E6586D002898
:1034C000A5D002F093FBA2E7606D00283FF4F8AEB0
:1034D00012A902F0F7FDF3E6586D00283FF402AFA1
:1034E00002F084FBFEE6586D00283FF447AF0C491C
:1034F000012202F0E7FD41E71846904787E70849B7
:1035000018460122A04739E718469047EAE62046C8
:1035100012A99847D4E600BF607A0100CC8FFF1F44
:10352000C07A01000B2070470B2920D8DFE801F09A
:10353000080A0C0E10121416181B1D06C07E7047C8
:10354000C07C7047807C7047407C7047007C70472F
:10355000C07D7047807D7047407D7047007D70471B
:10356000008B000A7047007E7047807E704783683A
:103570000B4413F80C0C7047007B0C30C0B2704742
:1035800010B50168074A4B68847A934204D1013C24
:103590000B20201AC0B210BD9847013C201AC0B2BF
:1035A00010BD00BF25350000704700BF007970478F
:1035B000407A7047807A003818BF0120704700BFFA
:1035C000807A7047704700BF03681879704700BF62
:1035D00003680B6003790B71437A4B72C379CB712B
:1035E000837A8B72037A0B7243794B7183798B7177
:1035F000704700BF10B4034C0460002110BC01618F
:1036000041617047547D01001030704702680A60C4
:1036100003790B71437A4B72C379CB71837A8B72C6
:10362000037A0B7243794B7183798B71537892F8DB
:1036300000C0D0781B0403EB0C630344907803EBC9
:103640000023CB60537992F804C0D07992791B049F
:1036500003EB0C63034403EB02230B61704700BFD1
:1036600010B5D0E9002453689847204410BD00BF2E
:10367000704700BF80797047002210B400F1110438
:1036800005490460828110BCC27302744272827266
:10369000C271C0F880107047C487FF1FC0F8801047
:1036A000704700BF704700BFF8B5437A0446002B4F
:1036B0003AD1837A002B37D1012704260325D4F889
:1036C000800003681B699847002852D0D4F8800016
:1036D00003685B699847637BC0B2A07353B37E28CD
:1036E00045D07D2831D0227B2AB1A27B002182F0F7
:1036F0002002A2732173022B03D9E27BA17B0A442F
:10370000E273032B36D8DFE803F01B0A0602A37B23
:1037100023716673D3E7A37BA3716573CFE7A27BA5
:10372000627102236373CAE70023A381636023816C
:10373000A372C1E7227B1AB180F02000A07323732B
:10374000A37B7E2BBBD16773B9E7D4F880000368F5
:103750001B69984748B1D4F8800003685B699847B3
:1037600080F02000637BA073BDE72773A7E70323E6
:10377000A372F8BD6E2B0CD8A279033293420BD002
:1037800022681A44A37B02F8043C637B0133637311
:1037900095E70223A372F8BDE27BFF2A07D001213F
:1037A0000022043BA17223726273E273F8BDA17B15
:1037B000E171012262720021F2E700BFF0B50D1E37
:1037C00083B012DB0A4E33680093009F044605E085
:1037D000FFF76AFF607A48B9A37A33B93368019377
:1037E000019BDB1BAB422046F2DB002003B0F0BDA7
:1037F0008C97FF1FC0E90012704700BF40687047F8
:1038000084464FF4887010B48CF80C30ACF8040087
:10381000634603C9064CCCF8082043F8104B4FF61A
:10382000FE7283E80300CCF81820604610BC704795
:10383000447D010070B505460C463AB1A1F17D0307
:10384000012B0BD901F0FD03112B07D0D5F8800017
:10385000036821461B68BDE870401847D5F8800012
:1038600003687D211B689847D5F88000036884F0C1
:1038700020011B68BDE87040184700BF2DE9F041EA
:103880008046D0F8800003680C461B687E2198476C
:10389000236820465B689847236805465B68204696
:1038A0009847A91C01220546C1F307214046FFF7AE
:1038B000C1FFA91C0122C9B24046FFF7BBFF217915
:1038C00001224046FFF7B6FF617901224046FFF72B
:1038D000B1FF277963791F440025FFB20FE0236809
:1038E0001B689847012201464046FFF7A3FF236863
:1038F00031461B682046984738440135C7B22368D3
:1039000020465B6898470346EEB2AB4231462046FC
:10391000E5DCF94340460122C9B2FFF78BFFD8F836
:1039200080000368BDE8F041DB681847034B0021C5
:103930004FF6FF72C3E90012704700BF9892FF1F55
:10394000C160704780F82010704700BF2DE9F04338
:10395000144D154F2B6883B081460093009E4FF4A1
:103960007A7303FB01F44FF001082B680193019B6C
:103970009B1BA34212D2D9F81C30D8B2013304D019
:1039800008F024FE08B989F82280002FEDD0FEF758
:1039900067F90028E9D103B0BDE8F083012003B046
:1039A000BDE8F0838C97FF1F611C000030B5044612
:1039B000806981F001032375431C83B02FD00D462D
:1039C000C0B2012108F010FEBDB9194B606A1B6836
:1039D0000193019B1A1AB2F5FA6F22D3154D5021AB
:1039E0002046AFF3008015F8011B0029F8D1207E96
:1039F00003B0BDE8304008F0C3BD0F4D5021204654
:103A0000AFF3008015F8011B0029F8D1207E0121B9
:103A100008F0B6FD064B1B680093009B636203B081
:103A200030BDC3F5FA63184408F01AFED6E700BFAC
:103A30008C97FF1F757D01005D7D01002DE9F04130
:103A400005460E461F46BAB9344614F8011B31B17B
:103A50002846AFF3008014F8011B0029F8D1AFB954
:103A60002C6830460EF00CFA236802463146204698
:103A70005B68BDE8F0411847094C3E212846AFF38A
:103A8000008014F8011B0029F8D1DDE7054C0D2159
:103A90002846AFF3008014F8011B0029F8D1DFE7B6
:103AA0008D7D0100D17E010070B5154D0E46044696
:103AB0003E212046AFF3008015F8011B0029F8D104
:103AC0003178354631B12046AFF3008015F8011F3B
:103AD0000029F8D10B4D0D212046AFF3008015F8D9
:103AE000011B0029F8D1246830460EF0C9F923687B
:103AF0000246314620465B68BDE87040184700BF6B
:103B00008D7D0100D17E01002DE9F043284E294F23
:103B100083B004464FF00108206803681B6998478A
:103B2000002824DD236B013321D1206803685B6901
:103B30009847C5B229462046AFF30080A26A1378A1
:103B40000BB1AB4201D02563E6E7531CA362537867
:103B500083B9194D84F8228053212046AFF30080A9
:103B600015F8011B0029F8D1E762A762D4E703B07A
:103B7000BDE8F08333680093DDF8009006E0336819
:103B80000193019BA3EB0903092B05D82068036867
:103B90001B6998470028F2D0206803681B69984782
:103BA0000028B9D1A36A2563013BA362B4E700BF33
:103BB0008C97FF1F6C800100957D01002DE9F04F6F
:103BC00085B06C4C0E9E0092894683461F46572155
:103BD0005846AFF3008014F8011B0029F8D1317862
:103BE000344631B15846AFF3008014F8011F002964
:103BF000F8D1614C0D215846AFF3008014F8011B39
:103C00000029F8D1B9F1000F03D0009A48460DF011
:103C1000B1FAB7FA87F56D09584C6D003C2158464A
:103C2000AFF3008014F8011B0029F8D1544CDBF8E5
:103C3000080022680292029B22680392039A019371
:103C40004FF47A74D21A04FB00F0904240F28D8057
:103C50000C468846DBF81C00411C07D0C0B208F0B7
:103C6000B5FC18B94FF001038BF82230454B1BB15E
:103C7000FDF7F6FF002878D04FF0FF3A5846FFF7DF
:103C800043FFDBF82C20DBF828309B1ADBF83020D0
:103C9000B2F1FF3F18BF0133002B57DD5846FFF745
:103CA00033FFDBF82820DBF82C309A422DD8DBF8E4
:103CB00030305A1C1ABFCBF830A0DBB2FF2377B1EB
:103CC0007DB3012D14D1B9F1000F08D00D2B0FD009
:103CD000009A012A0CDD013A09F8013B0092325D9D
:103CE0009A420AD03478E41AB4FA84F46409C5E735
:103CF000325D9A424FF00205F4D10134335D002B5E
:103D0000BCD1012005B0BDE8F08F591CCBF82C10B8
:103D10008A421B78D3D11C4ACBF82C20CBF8282020
:103D2000CDE717F808209A4208D097F80080A8EB52
:103D30000308B8FA88F84FEA5818D0E708F10108E4
:103D400017F80850B5FA85F56D09C8E70C4B1A68E5
:103D500003920399019BDBF808204FF47A70C91A8B
:103D600000FB02F29142FFF475AF002005B0BDE800
:103D7000F08F00BFAD7D0100D17E0100C57D010047
:103D80008C97FF1F611C00006C80010030B501237F
:103D900085B01A460D4618490446FFF74FFE174AEC
:103DA0000092174B022203A92046FFF707FF70B1CC
:103DB0009DF80C30303B092B02D9032005B030BDF3
:103DC00003A80CF057F92860002005B030BDE06969
:103DD000431C08D10B4B002BEFD0FDF741FFC0F186
:103DE000040005B030BDC0B208F0F0FB0028F1D1EE
:103DF000012384F82230EDE7107E0100E07D010010
:103E0000187E0100611C0000437D73B9037D01220F
:103E100010B50446427523B9FFF7B8FF0023637558
:103E200010BD00230A20637510BD0920704700BF34
:103E300030B5012389B01A460D4617490446FFF7ED
:103E4000FDFD164A0092164B182202A92046FFF7E4
:103E5000B5FE50B19DF808000CF004F9003818BF09
:103E600001202870002009B030BDE069431C07D153
:103E70000C4B73B1FDF7F4FEC0F1040009B030BD86
:103E8000C0B208F0A3FB0028F2D1012384F822304D
:103E9000EEE7032009B030BDC87D0100E07D0100E0
:103EA000D47D0100611C00002DE9F0411D46012375
:103EB00090B0884617462B491A460446FFF7BEFDC8
:103EC000294B00932022294B0DEB02012046FFF7DE
:103ED00075FE70B3169B264E05930124179B06931F
:103EE000012C189B0495CDE90287079302AD31465A
:103EF0004FF0000010D00DF0BBFA30B30CF0BEF85C
:103F00002B68062C188010D00134012C05F1040513
:103F100031464FF00000EED108A80DF0A9FAA0B18B
:103F20000CF0ACF82B681880EEE7002010B0BDE86C
:103F3000F081E069431C0CD10E4B33B1FDF790FECC
:103F4000C0F1040010B0BDE8F081032010B0BDE85E
:103F5000F081C0B208F03AFB0028EDD1012384F8CB
:103F60002230E9E7207E0100E07D01002C7E010087
:103F7000387E0100611C00002DE9F04F9C4D0123AB
:103F80008DB08846924629461A460446FFF756FDEC
:103F9000002300951A4619462046FFF70FFE0290AF
:103FA000002800F00981934DDFF84C922B680593AF
:103FB000059E4FF47A774FF0010B2B680693069A13
:103FC000A368921B07FB03F39A4215D2E369D8B2A8
:103FD000013304D008F0FAFA08B984F822B0B9F134
:103FE000000F03D0FDF73CFE00287BD0206803685B
:103FF0001B6998470128E0DD206803681B69984722
:1040000001286BDD20687D4F03685B699847814616
:10401000206803685B69984700EB09291FFA89F952
:104020005B212046AFF3008017F8011B0029F8D16F
:1040300073494A4609A80CF0EBFE9DF8241039B1EB
:1040400009AF2046AFF3008017F8011F0029F8D10F
:1040500020465D21AFF3008000274346DFF898B18A
:104060000397A0461C464F4543D2D8F81C00431C7A
:1040700007D0C0B208F0AAFA18B94FF0010388F8C7
:104080002230BBF1000F02D0FDF7EAFD50B3D8F8A3
:10409000000003681B699847A0B1D8F800000368C6
:1040A00001375B699847BFB264B1BAF1000F09D01C
:1040B000DAF80030D3B104F8010BDAF80030013B34
:1040C000CAF800302B6807930799D8F808304FF4E6
:1040D0007A70891B00FB03F39942C4D307200DB00B
:1040E000BDE8F08F04200DB0BDE8F08F029B039374
:1040F000E8E74446DFF800814FF47A774FF0010B90
:104100002B680893089AA368921B07FB03F39A4253
:1041100015D2E369D8B2013304D008F057FA08B9D0
:1041200084F822B0B8F1000F03D0FDF799FD002804
:10413000D8D0206803681B6998470128E0DD206813
:1041400003681B6998470128C8DD20682D4D036866
:104150005B6998470646206803685B69984700EBEF
:104160000626B6B25B212046AFF3008015F8011B8E
:104170000029F8D12249324609A80CF049FE9DF8E1
:10418000241039B109AD2046AFF3008015F8011FA6
:104190000029F8D15D212046AFF30080BAF1000F6D
:1041A00001D0CAF80090184A009200231A46194616
:1041B0002046FFF703FDC0B9E069421C08D10E4B51
:1041C0007BB1FDF74DFDC0F104000DB0BDE8F08FEF
:1041D000C0B208F0FBF90028F1D1012384F82230A5
:1041E000EDE703200DB0BDE8F08F039BD8007AE720
:1041F000547E01008C97FF1F611C00003D7E010072
:10420000907D01004D7E0100E07D01002DE9F04F21
:10421000BA4D0E468FB0044690461F46692120468F
:10422000AFF3008015F8011B0029F8D1237D002B86
:1042300040F05D81B8F1000F00F0A580002F00F084
:10424000A280B7F5AA7F00F24C810B460122AC494F
:104250002046FFF7F3FBAB493A460BA80CF0D8FD1C
:104260009DF82C1039B10BAD2046AFF3008015F846
:10427000011F0029F8D13946206807F091FBA249B7
:10428000012300222046FFF7D9FBA04B0093002317
:104290001A4619462046FFF791FC002863D07B1E82
:1042A00008F1FF3500269844206815F8011F0368BF
:1042B0001B6898472B78454533449EB2F4D15B2167
:1042C0002046AFF300808F493A460BA80CF0A0FDC2
:1042D0009DF82C100BAD31B12046AFF3008015F8DE
:1042E000011F0029F8D18A4D20212046AFF300801C
:1042F00015F8011B0029F8D1864D43212046AFF364
:10430000008015F8011B0029F8D17E4932460BA820
:104310000CF07EFD9DF82C1039B10BAD2046AFF3AB
:10432000008015F8011F0029F8D17B4F0D25294683
:104330002046AFF3008017F8015B002DF7D120680D
:104340000368310A1B68984720680368F1B21B684C
:104350009847724B00932B461A4619462046FFF7A2
:104360002DFC002842D1E069421C40F0E3806C4BF8
:10437000002B00F0E980FDF773FCC0F1040A504601
:104380000FB0BDE8F08F002E00F0E4800D21304624
:104390000CF062FF08B10023037030460DF070FD91
:1043A000B0F5AA7F00F29D8001231A465D492046A0
:1043B000FFF744FB554A009200231A46194620464F
:1043C000FFF7FCFB0028CED031462046FFF76CFB00
:1043D0004D492046FFF768FB504A009200231A46D9
:1043E00019462046FFF7EAFB0028BCD04E4EE36892
:1043F00032680992099F32680A920A9A4FF47A71D8
:10440000D21B01FB03F39A4280F0D880DFF8F490CE
:104410004FF00108002594F820308DF81780002B0C
:1044200040F0A2800DF1220108AA0DF11E030291B5
:10443000019200930DF11A0207AB06A92046ADF8D0
:104440001850ADF81A50ADF81C50ADF81E50ADF82C
:104450002050ADF82250FFF727FD8246002842D1B8
:10446000DFF8C8B053212046AFF300801BF8011BD2
:104470000029F8D14946BDF818200BA80CF0C8FC5B
:104480009DF82C1041B10DF12C0B2046AFF30080AC
:104490001BF8011F0029F8D1DFF87CB00D21204660
:1044A000AFF300801BF8011B0029F8D1BDF81830CC
:1044B000042B40F2A280102B00F28C804FF4A83223
:1044C00022FA03F3DB0740F18580194D5321204682
:1044D000AFF3008015F8011B0029F8D14FF0060A50
:1044E00001E04FF00D0A50460FB0BDE8F08F4FF0DD
:1044F0000A0A50460FB0BDE8F08F00BF617E010090
:10450000287F0100907D01004C800100347F010074
:10451000797E0100817E0100D17E01003C7F010097
:10452000611C0000547F01008C97FF1F8D7E0100ED
:10453000C57E0100C0B208F049F800287FF417AF2B
:10454000012384F8223012E74FF0030A50460FB0DF
:10455000BDE8F08F01231A463D492046FFF76EFA69
:104560003C4B009333463AE70DF1170120468DF896
:104570001750FFF75DFC82460028B4D19DF8173034
:10458000002B7FF44FAFDFF8D0A057212046AFF3C8
:1045900000801AF8011B0029F8D10A212046FFF7F4
:1045A000D5F938B333680A930A9AE3684FF47A71FD
:1045B000D21B01FB03F39A42FFF42DAF274D532189
:1045C0002046AFF3008015F8011B0029F8D14FF009
:1045D000070A88E7DFF888A057212046AFF300805C
:1045E0001AF8011B0029F8D161682046FFF7AEF9DF
:1045F0000028D7D14FF0040A75E71A4D5321204601
:10460000AFF3008015F8011B0029F8D1BDF81C306C
:10461000BDF822202261012B11D1189B7BB1124DD4
:1046200049212046AFF3008015F8011B0029F8D17D
:10463000DDE918122046FFF79FFC824653E7199BDD
:10464000002B3FF450AF199A002313604BE700BFD3
:10465000487F0100E07D0100F57E0100157F01002B
:10466000D57E01009D7E0100B17E010030B5457D03
:1046700083B05DB9012343752A46019500952B4609
:104680000446FFF7C3FD657503B030BD092003B0D4
:1046900030BD00BF30B5457D83B05DB9CDE90023A5
:1046A00001222B4642752A460446FFF7AFFD657589
:1046B00003B030BD092003B030BD00BF2DE9F04F7D
:1046C000044680690023411C8DB0237500F00F81E2
:1046D0000121C0B2A44D07F087FF50212046AFF35F
:1046E000008015F8011B0029F8D1A04D207E012182
:1046F00007F046FF2B680693069B63622B680393C3
:10470000039E9B4F4FF001082B680293029B9B1B5B
:10471000B3F5FA7F12D2E369D8B2013304D007F0BF
:1047200055FF08B984F82280002FEDD0FDF798FAE4
:104730000028E9D104200DB0BDE8F08F2B68059367
:10474000DDF814A0DFF82C92DFF82C828B4F2E6856
:104750000496DDF810C0864EACEB0A0C0123CC4564
:104760001A464146204600F2DB80FFF767F9002336
:104770001A46194600972046FFF720FAE369834658
:10478000D8B2013305D007F021FF10B9012384F816
:1047900022301EB1FDF764FA0028CBD0BBF1000F28
:1047A000D5D0774A07CA09AB83E807001D460DF14B
:1047B000300801231A4655F8041B2046FFF73EF93E
:1047C000002300971A4619462046FFF7F7F90028FC
:1047D00000F08F80A845ECD16A4D52212046AFF3FE
:1047E000008015F8011B0029F8D194F82130002B26
:1047F00000F08C80DFF89081202529462046AFF319
:10480000008018F8015B002DF7D194F821105F4A61
:104810005F4B002914BF1146194601231A46204652
:10482000FFF70CF900972B462A4629462046FFF74A
:10483000C5F900285DD001231A4656492046FFF7E6
:10484000FDF8554B0097082207A92046FFF7B6F957
:10485000002800F0B180514D46212046AFF3008082
:1048600015F8011B0029F8D19DF81C1007AD31B1D6
:104870002046AFF3008015F8011F0029F8D1484DFC
:104880000D212046AFF3008015F8011B0029F8D157
:104890009DF81C30542B54D0424D4D212046AFF38F
:1048A000008015F8011B0029F8D194F8203043B995
:1048B0003D4D20212046AFF3008015F8011B002953
:1048C000F8D13A4D20212046AFF3008015F8011BA6
:1048D0000029F8D1364D49212046AFF3008015F864
:1048E000011B0029F8D108460DB0BDE8F08F1F4D1F
:1048F00004E7E069421C03D0C0B207F067FEE0B1F4
:10490000CEB1FDF7ADF9C0F1040014E7264D20212A
:104910002046AFF3008015F8011B0029F8D169E7A4
:10492000244D4E212046AFF3008015F8011B0029CD
:10493000F8D10520FFE60320FDE6012384F82230AC
:10494000DEE79DF81D30412BA6D10A220DF11E0095
:104950000CF002FA43F2C82398428CBF00230123D3
:1049600084F8203098E700BF5D7D01008C97FF1F21
:10497000611C00007FA903002C800100E07D010084
:1049800060800100797F0100917F01009C7F010020
:10499000AC7F0100E87D0100F47D0100D57F0100BE
:1049A000D17E0100ED7F0100897F010001800100BF
:1049B00011800100617F0100E069431C06D0C0B294
:1049C00007F004FE10B9012384F822300EB1FDF780
:1049D00047F9064D55212046AFF3008015F8011B1D
:1049E0000029F8D1012384F8203055E7BD7F01006C
:1049F00030B5437D83B013BB0123134D437504468B
:104A000043212046AFF3008015F8011B0029F8D19F
:104A1000237D43B96175012520460021FEF7C6FFBD
:104A2000284603B030BD20460191FFF747FE0199AB
:104A3000617505460028EFD1284603B030BD092531
:104A4000284603B030BD00BF31800100704700BF71
:104A500030B583B005460C4607F02EFD1C4B98423E
:104A600004D800232B80238003B030BD694606F0B4
:104A7000C1FF9DF806309DF805109DF80420503BBD
:104A80009BB27F2B05D80131C9B20C2901D81F2A4E
:104A900011D900239DF802202B80172A9DF80130A0
:104AA0009DF8001003D83B2B01D83B2909D90023DE
:104AB000238003B030BD42EA411242EA43239BB255
:104AC000E8E75B0143EAC22343EA51039BB2EFE705
:104AD000FFA5CE12F0B5012B95B0054638D0022BBC
:104AE00040F202200CBF034600230431684604F064
:104AF0001FFE129B002B34D05C2007F0EDFA1F4BF9
:104B00000026C0E90036019BC3601D4B8360029BF9
:104B1000036104AF9DF80C30037504463946183024
:104B200004F0BCFC174BA3604FF47A73AB6063686E
:104B3000154AA66501336E602A602E732C6163608E
:104B4000124B0093384604F0D7FC284615B0F0BD50
:104B500044F202230431684604F0EAFD129B002B64
:104B6000CAD1139B002BC7D1074A6B604FF47A71EF
:104B7000A9602B732A602B6104AFE1E7647B01001D
:104B8000CC7A0100147B0100387B0100F07A01002F
:104B900010B5D0F884448EB00A4644B100232146B3
:104BA0006846009302F0D4FC80B90EB010BDD0F876
:104BB000881441B1234668460C9400F08FFE50B92A
:104BC00000200EB010BD08460EB010BD684602F0C1
:104BD000D1FE0EB010BD684600F03EFF0028EFD0B9
:104BE000E3E700BF70B5D0F884548EB016465DB1CF
:104BF00005F5896500230A4668462946009302F0B8
:104C000029FC90B90EB070BDD0F888040028F9D006
:104C100000F589640A462B46214668460C9500F04B
:104C2000F5FD48B900200EB070BD324629466846F1
:104C300002F0E4FD0EB070BD32462146684601F038
:104C40005DF80028EED0DDE710B5D0F884448EB0D2
:104C50000A464CB10020009001232146684602F02C
:104C600077FC80B90EB010BDD0F8881441B1012393
:104C700068460C9400F032FE50B900200EB010BD12
:104C800008460EB010BD684603F00AFD0EB010BD18
:104C9000684600F087FE0028EFD0E3E730B5D0F893
:104CA00084448FB00A464CB10025012304F5896184
:104CB0006846009502F05AFB0FB030BDD0F888046A
:104CC0000028F9D000F58961012368460C9401F0B1
:104CD00083F80FB030BD00BF10B5D0F884448EB05B
:104CE0000A463CB1002321466846009302F030FC9E
:104CF0000EB010BDD0F8881431B1234668460C942C
:104D000000F0ECFD0EB010BD08460EB010BD00BFA7
:104D100070B5054690F8C00408B9014670BDD5F8D5
:104D20008404002838D0C469D5F89034013C1BB302
:104D30001A7E0ABB0121184605F016FB88B1D5F88A
:104D4000840400283ED1D5F8880408B102F0D4F8D4
:104D50000646D5F8900420B1002105F005FB00B10E
:104D6000A41BD5F8843473B19B794FF4007199403A
:104D700089B2A1FB040170BD04F042FAD5F8843475
:104D8000241A002BF0D1D5F888040028C5D0D0F81B
:104D90003C14A4FB010170BDD5F88804D5F890340B
:104DA00050B1D0F8304423B11A7E002AC2D0002876
:104DB000B3D002F0A1F8E1E70BB10446F4E71846DE
:104DC0000146ABE704F01CFA0646C2E72DE9F043C2
:104DD000D0F890548DB04DB198462B680446DB69ED
:104DE00028469847B0F5405F064604D8002630466E
:104DF0000DB0BDE8F0834FF400700BF059F9074691
:104E00000028F3D00DF10409B6F1806F0246434645
:104E10002946484616D901F053FB064638460BF0A2
:104E20004FF9002EE2D02B6828461B6A984794F869
:104E3000B034FF2B0AD100233046C4F890340DB0B3
:104E4000BDE8F08303F040FF0646E7E7D4F8B4344A
:104E5000B4F8B0240293D4F8B834ADF80420039326
:104E600004F2944599E80E00284605F069FA94F892
:104E7000A134C4F89054002BB9D101231A46294615
:104E8000201D04F0E1FBB2E790F8C03463B1D0F824
:104E9000843463B19A79D9694FF40070904080B23C
:104EA0000139A0FB01017047184601467047D0F850
:104EB00088040028F9D0D0F83C14D0F83004A1FBC5
:104EC0000001704770B5D0F8903484B00446ABB19F
:104ED00090F8C05490F8C2045DB1212820D807F0A2
:104EE00075FB051E18BF0125284684F8C05404B080
:104EF00070BD212808D807F069FB28B9002528468D
:104F000084F8C05404B070BD94F8B034FF2B12D1B3
:104F100000232846C4F8903484F8C05404B070BD0F
:104F20006A460A21184604F0ADFE0546284684F874
:104F3000C05404B070BDD4F8B424D4F8B834B4F874
:104F4000B0140293ADF80010019204F294466B463F
:104F50000ECB304605F0F4F994F8A134C4F890640F
:104F6000002BCCD101231A463146201D04F06CFBE6
:104F70000546C4E7F0B50D46044685B0194805F06E
:104F800031FB212D84F8C15402D9002005B0F0BDB9
:104F90000026154B02938DF804508DF8056003969A
:104FA00004F29447C4F8B43404AB13E90E0084F857
:104FB000B05484F8B164C4F8B864384605F0C0F958
:104FC00094F8A134C4F8907423B1304684F8C00436
:104FD00005B0F0BD01231A463946201D04F034FB0C
:104FE000F4E700BF514A000040787D0110B5144835
:104FF000144C1549154A04604FF0290C002380F821
:10500000A1C44FF47F4E4FF0FF0C80F8A53480F818
:10501000BC34A0F8C0E480F8C2C4C0F89C14C0F846
:105020009424BDE810400A4A0A49C0F88434C0F804
:105030008834C0F8903480F8AC340AF019B800BF56
:10504000A092FF1F808001000110013874810100CF
:105050002087FF1F4D4A000070B500F124038C46E5
:105060000546164693E8070084B001AC84E80700C3
:10507000286A4FEA4C12214601F05EFE012806D153
:10508000286A3246214601F03BFE04B070BD002084
:1050900004B070BD10B5044600F0A8FD002384F8EC
:1050A000313084F8333010BD38B513460D46002238
:1050B00000F12401006A1C4601F022FE20B1438960
:1050C0002B8003892380012038BD00BF38B51346EB
:1050D0000D46002200F12401006A1C4601F010FE7A
:1050E00020B1C3892B8083892380012038BD00BF74
:1050F00038B590F831300BB1002038BD04460D466C
:10510000382219460CF036F80120402384F831305B
:1051100084F83300256238BD70B40C78202C0D461D
:10512000114603D115F8014F202CFBD00D608D6086
:105130002C783CB3214E0CE0A4F1220C5FFA8CFCDD
:1051400026FA0CFC1CF0010F10D12E2C16D12C7855
:10515000C4B12F2C24D03C2C05F1010509D8212CF9
:10516000EAD804F1FF3CBCF11E0F15D8002070BC3A
:1051700070475C2CFAD009D97C2CF7D08D602C7844
:10518000002CE6D11D6070BC01F0A4BC3E3C012C9B
:10519000F4D8002070BC7047202CD8D08D60EEE78A
:1051A0002C46254614F801CBBCF1200FF9D0BCF1F8
:1051B0002F0FF6D01D6070BC01F08CBC01210005E2
:1051C0002DE9F04790F83330DC0782B005466DD505
:1051D00058060F46904640F1B580D5E90023D5E941
:1051E000041018EB020443F10003A14270EB030327
:1051F000C0F0AE80B8F1000F54D0D5E90032464679
:10520000D5F82090D9F838441C40C4F3080A002C83
:1052100057D1134377D195F831305A064CBFD9F89E
:105220003414E969A96199F84534D9F82C24023974
:1052300099401144B6F5007F50D3D9F81C228A4218
:105240004CD0B6F5806F65D34FF0010A0AFA03FA25
:10525000AAEB040A730A9A4528BF9A468A424FEA83
:105260004A240AD30AEB01039A4206D209F50470D4
:10527000019105F05DF90199C0B1D9F81402D0F897
:1052800000C05346DCF814903A46C84770B1234634
:10529000D5E900125B1842F10002361BC5E9003265
:1052A0002744ADD1404602B0BDE8F08795F83230D2
:1052B0004FF0FF3043F0020385F8323002B0BDE812
:1052C000F087AA6999F84534D9F82C04911E9940C1
:1052D000640A01442144BAF1000FABD0CAF500744E
:1052E000B4424FF0000209F5047028BF344605F0BF
:1052F00047F90028DAD000EB0A012246384606F0CA
:105300009BFD2346C4E795F83330A9695B060DD5AC
:10531000013187E7D9F8140203683A461B699847B8
:105320000028C3D04FF400731C46B1E705F1180202
:10533000484601F043FD0028B8DB0CD0A969D5F838
:10534000209070E795F8313019077FF553AF44E7A7
:10535000A1EB02084EE795F8313013F0500FA5D0BD
:10536000A8EB060840469EE7F0B583B001220DF198
:1053700007010446D0E900678569FFF721FF01288E
:1053800008BF9DF80700A56118BF4FF0FF30C4E9C2
:10539000006703B0F0BD00BF2DE9F84F90F8311061
:1053A000D0F818800446002950D01646D0E9002CC9
:1053B0009C4508BFB2421F4658D056EA07034AD060
:1053C000080704D5D4E90403B042BB413ED3D4F866
:1053D000209099F845340933751EDBB247F1FF3A46
:1053E000C3F120000AFA00FBDD40A3F1200E2AFAE7
:1053F0000EFA45EA0B0545EA0A0594F833A01AF0BF
:10540000400F2FD112F1FF3A2AFA03F34CF1FF3A81
:105410000AFA00F003432AFA0EFA43EA0A039D420D
:1054200002D352EA0C0C24D14B064CBFD9F83434C9
:10543000E369A36104F118094A4675B1A169206ABC
:1054400001F0BCFC002805F1FF35F5DCC4F818803C
:105450000020BDE8F88F00238361C4E900670120C4
:10546000BDE8F88FE3692B44A361F6E70120BDE8AE
:10547000F88FED1ADEE700BF2DE9F04F064690F8F1
:1054800031008FB0002840F0D880174691F83120C5
:1054900012F0500F8B4600F0D08003F00302032A75
:1054A0009A4600F0CA80013203F0080142EA010383
:1054B0000293002F00F0CA803A6902F10E08A84A50
:1054C000A2FB0828DBE900214FEAD80808F102080E
:1054D0000A435FFA88F805D0CBF8180000210020B5
:1054E000CBE90001029B002443F0400325460393CF
:1054F000202206A95846FFF763FE00B3202840F09B
:105500009C809DF918209DF81830002AC0F2A180D7
:1055100034B9DBF80020A2F12009DBF81820019251
:1055200044453CBF0134E4B2002B00F0128120223C
:1055300006A958460025FFF743FE0028DED11AF4DD
:10554000007F7AD0029B9B0777D5002F75D044450A
:1055500017D2DDF804A0202206A95846FFF730FE36
:10556000631C002861D0202867D12CB9DBF800200B
:10557000DBF818A0A2F12009DCB2A045EBD8CDF8E9
:1055800004A03822002130469BF833400BF0F2FD96
:10559000DBF820303362019B7362082386F83130D8
:1055A0003B68C6F82890C4F38014002586F82C4088
:1055B0007B60BD81B8F1000F32D008F1FF39DFF810
:1055C000A4A15FFA89F9AB46012259463046FFF79C
:1055D00043FD044688B390F90020002A2DDB2022E9
:1055E00000210BF0C7FD002D00F0BE80BBF1010FC4
:1055F00000F0D480C1232370A3461E34BB893846F3
:105600001BB97A68BB689A4205D004F0F7FF2BF803
:10561000020FA345F2D101355FFA85FBD845D3D8F7
:10562000304600F0E3FA05460CE05846DBF8185027
:1056300000F00CFB002840F09080002586F83150E7
:1056400086F8335028460FB0BDE8F08F4FF00308BE
:1056500048E755BB444538BF0024852B7FF448AF4D
:105660002946382230460BF085FD9DF81C209DF818
:10567000193086F8303002F03703D20658BF43F0B5
:10568000080386F83130DBF80030DBF82020326286
:10569000203BDBF818207262B3629BF83330C3F30F
:1056A000801386F82C30012522E7C02B28D0C12B8F
:1056B0007FF43DAF3A4606A9304601F081F9E8B1E2
:1056C000BB89DBB9BA687B689A4217D11AF4006FBC
:1056D000B3D11AF4884F6FD196F833309C076BD44E
:1056E0001AF4806FA9D11AF4804FABD0D6E9042305
:1056F0003046FFF751FE0028A4D19EE70546F7E6A5
:10570000029B86F833309DF819309B0744BF039BFA
:1057100086F833300B9BF361DDE90823C6E90423E7
:10572000DDE90C23C6E90223002FCFD04FF00003A0
:105730003A69BB819DF81B30396879609A427FF4E1
:10574000F6AEBD8ABDF81C30ED1AB5FA85F56D09C7
:10575000CEE6002F7FF4F3AE6FE7CBF818500CE7DE
:10576000898888887097FF1F8523237086F830907A
:1057700084F80190DAF80030002B41D00DF11302CB
:105780000DF1160105A89847BDF814306381BDF8E6
:10579000163023819DF8133023753CE7C023237016
:1057A000029B84F801B063F07F0386F833303B69D5
:1057B000E370BB8AA3802EE796F83130D8063FF518
:1057C0003CAF13F001027FF438AF1AF4806F8AD037
:1057D00096F8331089077FF530AF002B3FF42DAFDB
:1057E000D6E900310B4304D000200021C6E90001B6
:1057F000B261304600F0F2FB00283FF41EAF21E713
:1058000045F621236381E381638204E72DE9F043B8
:10581000044697B0994694F83130019200201490D4
:10582000ADF814006BBB91F8313013F0500F0E46F9
:1058300027D013782F2B154627D04FF0000813E000
:10584000019D2F78A7B3FFF717FE064634222146A5
:1058500008A8B6B106F0F0FA204600F0C7F908AE85
:1058600084F8318084F83380294601AB02AA2046AF
:10587000FFF752FC0546002302AA31462046002DC0
:10588000DED1002017B0BDE8F08315F8011F2F29E5
:10589000FBD0019599B938222046356A0BF06AFC95
:1058A0000120402384F83130256284F83300E9E791
:1058B0004B4602AAFFF7E0FD17B0BDE8F08338229F
:1058C000002108A8366A0BF055FC01238DF85330EF
:1058D000402310968DF8513008AEAEE719B101F5AE
:1058E0008961FFF793BF0846704700BF90F83130D9
:1058F00063B991F8313013F0500F07D00B6813F0F3
:105900001F0C03D113466246FFF7B6BD0020704757
:105910008169F8B50446006A01B10131012201F044
:105920000FF90128054632D9012301461A46206A9B
:1059300001F066F9064650B3A3695BB394F83320CF
:10594000510612D5591CA94218D022F04002E16933
:1059500084F8332005E0206A01F050FAB8B1A36959
:1059600039464F1C99423A46F5D3206A4FF0FF3230
:10597000294601F043FA50B1A16911B9A561304639
:10598000F8BD206A2A4601F039FA0028F6D100262F
:105990003046F8BD94F8333043F0400384F8333098
:1059A000ECE700BF90F833309A0736D5C16970B57F
:1059B0000546A1B90024214607E0037803F07F03E0
:1059C000037095F830308B4229D301222846FFF727
:1059D00043FB0134E1B20028EFD1002070BD5B062B
:1059E000006A34D5D5E9022490F845340933013AE8
:1059F000DBB244F1FF34C3F1200CDA4004FA0CFCB2
:105A0000203B24FA03F342EA0C021A43013200233A
:105A100001F0F6F80028CDD1DFE7002070472C6AAE
:105A2000002385F8313085F83330204604F080FDBE
:105A30000028D2D004F5047004F07AFD0028CCD000
:105A4000D4F840040368BDE870401B6A184701F0B1
:105A5000F5F90028AED1C0E790F83130DB0601D46B
:105A60000020704710B5002288B000230446FFF7DD
:105A700093FC08E020281BD19DF900309DF8002000
:105A8000002B15DB32B1202269462046FFF798FB38
:105A90000028EFD194F83330082243F0020384F851
:105AA000312084F833302046FFF77CFF08B010BD6A
:105AB000002008B010BD00BF2DE9F0414FF00008F4
:105AC000494F82B006464446414600223046FFF721
:105AD000C3FA054630B10078C02867D0C1282BD062
:105AE000852809D096F8323043F00103002086F86B
:105AF000323002B0BDE8F08196F8313003F0370360
:105B0000AB803B6883B10DF103020DF1060101A8E2
:105B10009847BDF80630AB812B82BDF80430EB818D
:105B20006B829DF803306B75326A92F8103243F045
:105B3000010382F8103228780146002202E01F2A71
:105B40000FD8A95CE30343EA540311FA83F3012A53
:105B50009CB202F10102F2D1852814BF0222042274
:105B6000EFE796F8303008F101085FFA88F18B42D0
:105B7000ABD2306A012206F1240101F0C1F80028FD
:105B8000B0D0356A4480284604F0D2FC0028A9D061
:105B900005F5047004F0CCFC0028A3D0D5F840042F
:105BA00003681B6A98470028A3D19BE796F8333017
:105BB00013F0400F6B7814BF43F0020303F0FD03B2
:105BC0006B70D6E90423F069316A6861C5E9022384
:105BD000D6E90223C5E9062391F8103243F0010308
:105BE00081F810322878A7E77097FF1F38B590F832
:105BF000313043B390F9332090F83330002A044613
:105C00000CDB056A284604F093FC78B994F832302E
:105C100043F0010384F83230002038BD03F07F03E5
:105C200080F83330BDE83840FFF746BF05F5047013
:105C300004F07EFC0028E9D0D5F8400403681B6A14
:105C400098470028E2D0012038BD00BF70B590F819
:105C500031305A0605464CD480682B6AD3F83C3460
:105C60001844B0F1806F01D3002070BD2846FFF7C3
:105C70004FFE0028F8D0286AAE6990F84524D0F885
:105C80002C34023E96401E4400243119052200F5B2
:105C9000047004F075FC01344FF4007200210028F8
:105CA000E2D00BF067FA286A90F84524012393406C
:105CB0009C42EAD395F831305B0615D495F8333021
:105CC000AA6863F07F0385F83330D0F83C142B6961
:105CD000E8685218AA606A6940F100005B1842F156
:105CE0000002C5E90432E8602846BDE87040FFF7CD
:105CF0007DBF006A01F0A6F9AFE700BF30B50446EA
:105D000090F831009DB0002510F0180F0C951A95F1
:105D100003D00B6A206A984202D000201DB030BD2B
:105D200040F601236846FFF771FD0028F5D03422C4
:105D300021460EA806F080F809AA07CA04F1240338
:105D400083E8070094F833309DF830C084F830C001
:105D500063F07F03204684F83330FFF747FF0028C5
:105D6000DBD0022208230EA815958DF86B208DF844
:105D70006930FFF717FED1E738B591F8313013F0ED
:105D8000500F02D10025284638BD40F602230446B4
:105D9000FFF772FB0028F5D0102384F8313020463D
:105DA000FFF754FF05460028ECD0A369E361002209
:105DB00000232046FFF7F0FA94F83130C12284F82E
:105DC0003320002BDFD0412384F833302046BDE858
:105DD0003840FFF771BE00BFF0B5044697B01F46CC
:105DE00094F8313001920020ADF8140014907BBB80
:105DF00091F8313013F0500F0D4629D013782F2B26
:105E0000114619D127E0019E3678002E31D0FFF7D8
:105E100033FB034602AA294620461BB9C7B1FFF748
:105E2000ABFFA8B12146342208A806F005F82046A9
:105E3000FFF730F9019908AD01AB02AA2046FFF740
:105E40006BF90646002302AA29462046002EDAD125
:105E5000002017B0F0BD013101910B782F2BFAD043
:105E6000296A08A8FFF744F90028F1D0019908AD84
:105E7000E2E702AAFFF780FF17B0F0BD2DE9F04F6F
:105E800090F8314083B024079DF830709DF834902D
:105E90009DF838A09DF83C8057D5A2F2BC7294B210
:105EA0007F2C52D85A1E0B2A01934ED87A1E1E2AD6
:105EB0004BD8B9F1170F48D8BAF13B0F45D8B8F114
:105EC0003B0F42D805460E46FFF790FE00283CD017
:105ED000019B47EA431747EA44244FEA580747EA39
:105EE0004A1747EAC9274FF0000A18F00108A4B280
:105EF000BFB218BF4FF06408D346514606F00109FF
:105F000000222846FFF7A8F8F8B10178852946D085
:105F100001F14003DBB2012B17D88C46002203E0CD
:105F20001F2A16D810F802C04FEACB3343EA5B03AE
:105F30001CFA83F3012A1FFA83FB02F10102EFD15D
:105F4000852914BF02220422ECE7002003B0BDE83B
:105F5000F08F95F830300AF1010A5FFA8AF18B422E
:105F6000CED2286A012205F1240100F0C9FE0028E2
:105F7000EBD02C6AA0F802B0204604F0D9FA002831
:105F8000E3D004F5047004F0D3FA0028DDD0D4F88F
:105F9000400403681B6A03B0BDE8F04F184795F84A
:105FA00031302A6A03F03703838092F8103243F0CD
:105FB000010382F81032B9F1000F01D00782448248
:105FC000B20703D580F814800781448173070178F4
:105FD00042BF80F815808781C4819EE790F83330F6
:105FE0009A0764D570B5C56982B00446002D35D0D6
:105FF00013F0400635D0006AA26890F845C4E16805
:106000000CF1090C5FFA8CFC013A41F1FF31CCF143
:10601000200E22FA0CF201FA0EFEACF1200C21FA4D
:106020000CFC42EA0E02A16942EA0C02013221B3E1
:10603000013D6D1A01312A440191002A2ED1D4E983
:10604000000163F07F03C4E90201C4E9040184F89C
:1060500033302046FFF7CAFD02B070BD012002B008
:1060600070BD816961B90195C161206A294600F05E
:10607000E5FEC8B194F83330E1E70195E161DCE772
:10608000006A019601AA00F099FE00280CDB10D1ED
:10609000019D002DE9D194F83330D0E70199002318
:1060A00000F0AEFD0028E5D1002002B070BD002058
:1060B0007047A169206A4FF0FF3200F09FFE002870
:1060C000E6D1F1E72DE9F84390F833309D07044617
:1060D00040F1A28017461A070E4600F19680002F65
:1060E00000F0288123683D46206AA169D0F8382451
:1060F00002EA0309C9F30808B9F1000F40F09580DE
:10610000002900F0D58094F833305B0640F1ED8033
:10611000D4E9023290F845C40CF1090C013B5FFA56
:106120008CFC42F1FF32CCF1200E23FA0CF302FA80
:106130000EFEACF1200C22FA0CFC43EA0E03E269DD
:1061400043EA0C031344994280F0D6800131A161E7
:1061500090F84524D0F82C34023991401944B5F513
:10616000007FC0F08D80B5F5806FC0F0A78001235F
:106170009340A3EB09036A0A934228BF1346D0F861
:106180001C228A424FEA43290AD303EB010C6245E1
:1061900006D2002280F810224FF0FF32C0F81C22F5
:1061A000D0F814020268D2F828803246C04798B36B
:1061B0004B46D4E900125B182169606942F1000284
:1061C00099429041C4E900324E44A5EB090507D23B
:1061D00094F83310236161F07F0184F83310626119
:1061E000002D81D1D4E9020198429141C0F09580FF
:1061F000524B1B68002B00F09B8094F8333063F007
:106200007F03384684F833300DE0D0E90423FFF7EC
:10621000C3F800287FF463AF94F8323043F00103F1
:10622000002084F83230BDE8F88390F84524D0F897
:106230002C3402394FEA5929914049441944B8F1A4
:10624000000F8CD0C8F50079A9454FF0010200F588
:10625000047028BFA94604F093F90028DCD040441C
:106260004A463146C84405F0E7FDB8F5007F206A8C
:106270009ED100F5047004F05BF9002898D1CBE7BB
:106280002268D4F810C063696245626872EB030348
:1062900012D2012200F5047004F072F90028BBD07C
:1062A0002A463146404405F0C7FDA9462B4680E703
:1062B000E16949B3A1614BE70522EBE7D0F81C3255
:1062C0008B4206D1002380F810324FF0FF33C0F824
:1062D0001C32D0F81402036832465B6A98470028E3
:1062E0009AD04FF40073994663E704F1180200F066
:1062F00065FD002890DB04D12046FFF709FB00284C
:106300008AD0A169206A23E72046FFF701FB002815
:1063100082D0A169206AE1611AE794F83310A36082
:1063200061F07F0384F83330E2603846BDE8F883DB
:10633000384678E7D4E9003254E700BF7097FF1F72
:1063400069B170B5054608460C460BF099FD2B68FF
:106350000246214628465B68BDE8704018477047F2
:106360008368C3F30803014663B100200A69D0546F
:106370000133B3F5007FF9D1C8680A690368096879
:106380005B6A18470120704782680346C2F308021F
:1063900000698154586801EB70019868596040F2B7
:1063A000FF1C01306245986001D001207047D86819
:1063B000196810B40468646A4A1C1A601A69234692
:1063C00010BC184738B583680446C3F30803006956
:1063D000CAB2C2540D46616802EB7102A1686260E4
:1063E00040F2FF1201319342A16005D0290A2046F4
:1063F000BDE83840FFF7C8BFE068216803684A1C61
:106400005B6A2260226998470028EFD138BD00BF3F
:10641000F8B50025C0E9001506468560A8B204F06D
:10642000F7F9A842044607D0C1B23046FFF7ACFFE7
:1064300000283BD10020F8BD6C1CB4F5803F04D18E
:106440002AE00134B4F5803F04D0A0B204F0E0F9B2
:10645000A042F6D0671BB7F5007F1DD34FF6FF7142
:106460003046FFF7AFFF0028E4D0B9B23046FFF75F
:10647000A9FF0028DED02546B5F5803FCED13046B5
:10648000BDE8F840FFF76CBFC5F307213046FFF7C2
:106490007BFF01350028CDD0A542E9B23046EBD2D2
:1064A000FFF772FF0028EFD10020F8BDC4F30721E9
:1064B0003046FFF769FF0028BCD00135DCE700BF9C
:1064C0002DE9F04F0F4689B0096804901546CA6956
:1064D000C7600561384698469047B0F5801FC0F008
:1064E000C0800646002301220133DBB2202B4FEA95
:1064F000420200F0C1809642F6D81C2B00F2BC800C
:106500001A2B4FF0080A00F237824FF480430193B0
:106510004FF4004303934FF4807307934FF40053F9
:10652000CDF808A00693039B0298019CF31AC34080
:1065300003FA00F94FF400720021284605930AF08F
:1065400019FEFF2385F8C43185F8C531072385F886
:10655000C231A144FE230194C5F8C641012485F847
:10656000BF4185F8C04185F8C3313B68C5F8CA9181
:106570004AF6552B5B6AA5F8FEB12A46002138463B
:10658000984700285ED04FF40072002128460AF098
:10659000F1FD019B2B64AB65059BEB6520232B7202
:1065A0006B72AB72EB232B7076236B709023AB7006
:1065B0004523EB7058232B7146236B714123AB713C
:1065C0005423EB7104232B664FF48073A5F86830D5
:1065D0000923069A85F86C3080236E662A656A6501
:1065E000C5F848904FF4C37285F86DA085F86E40E9
:1065F00085F86F30F42105F178000AF0BBFD002624
:10660000A5F8FEB16A1E00E00134A4F16B03012B72
:10661000FAD9712CF8D0135DB4F5007F03EB760640
:10662000F2D13B68DDF804905B6A2A464946384659
:10663000984738B13B682A465B6A09F10C01384635
:10664000984780BBB8F1000F06D0D8F80030B649A3
:106650005B680F22404698470024204609B0BDE8F9
:10666000F08FB8F1000FF7D0D8F80030AF495B6871
:10667000152240469847E8E7A3F10B0A4FEA6A0162
:1066800001228A400291CAF3470A079201335B1044
:1066900001229A40069204229A400392022202FAB0
:1066A00003F301933FE72246002128460AF062FDEA
:1066B0004AF65523A5F8FE3109F1010A09F1090B43
:1066C000002305F2FF192C4601E014F8013FA14513
:1066D00003EB7606F9D13B682A465B6A5146384699
:1066E00098470028AED03B682A465B6A0AF10C0145
:1066F000384698470028A5D00AF101039B4502D0EF
:106700009A462B78DFE74FF40072002128469B461B
:106710000AF030FD00220AF1030A11462B4601E07F
:1067200013F8011F9C4201EB7606F9D13B682A461B
:106730005B6A594638469847002883D03B682A460A
:106740005B6A0BF10C013846984700283FF47AAF9A
:106750000BF101018A4564D12B1F05F5FE7243F848
:10676000046F9A42FBD13B682A465B6A38469847D9
:1067700000283FF467AF3B680BF10D015B6A2A46C6
:106780003846984700283FF45DAFB8F1000F06D0B7
:10679000D8F8003066495B680C2240469847019B58
:1067A000DDF81890DFF88CB19944059B4FF4007226
:1067B000002128469E000AF0DDFC2846F82306F258
:1067C000072600F8013B1322FF214FEA562A0AF060
:1067D000D1FCB60B002402E00134A24524D0B4FB66
:1067E000F6F306FB13434BB90122B8F1000F05D0B5
:1067F000D8F8003059465B68404698473B6809EB3B
:1068000004015B6A2A463846984700283FF41AAFCD
:10681000002CE1D121464FF4007228460AF0AAFC70
:10682000DAE78B46297879E7B8F1000F2BD0D8F852
:10683000003041495B68022240469847059C079A10
:106840000734E40804F2FF13B2EB532F4FEA532945
:10685000FFF4FBAE4FF40072002128460AF08AFCD8
:1068600007232B70002604E006B92E700136B145CF
:1068700016D9039A3B68B1185B6A2A46384698478E
:106880000028F1D1DEE6059C079A0734E40804F2FB
:10689000FF13B2EB532F4FEA5329FFF4DDAED9E7D4
:1068A000B8F1000F77D0D8F8003024495B68162281
:1068B00040469847039B079A04989918FFF7A8FD4C
:1068C00000283FF4C2AE029A4FF400739340049A3A
:1068D00092689A423FF6B9AE19494046FFF730FD3B
:1068E000029B4FF0020909FA03F6039B4FF4007272
:1068F000002128461E440AF03DFC8122032385F82E
:1069000020200499C5F8349082222B7085F840200D
:106910004A686A646B658B68AB650023013EAC63B3
:10692000EB654FF0010912E008810100A880010029
:10693000C0800100D4760100D07E0100D08001002B
:10694000E8800100079B99451CD209F101093B68C9
:1069500006EB09015B6A2A46384698470446002838
:106960003FF470AEB9F1010FECD14FF40072002189
:1069700028460AF0FFFBE8E74FF480720792CDF853
:1069800008A083E6B8F1000F3FF467AE0B4940461C
:10699000FFF7D6FC61E6039B079A04989918FFF766
:1069A00037FD00283FF458AE029A4FF4007393402D
:1069B000049A92689A4293D94EE600BFF88001008B
:1069C0002DE9F0410C46154601F11E08AB8934F85B
:1069D000027F28461BB96A68AB689A420ED003F062
:1069E0000DFE03F015FF0646384603F011FF864200
:1069F00009D14445EAD10120BDE8F081B7FA87F01A
:106A00004009BDE8F0810020BDE8F0812DE9F04F9C
:106A100090F8313083B08846002B4ED090F830305B
:106A2000012B074651D9013ADFF8A4B00B464FF0CD
:106A3000020A8E1800240022514638460193FEF7C0
:106A40000BFB0546C8B30278C12A36D1019B00F181
:106A50001E0935F8020F24B300F5105292B2B2F5B8
:106A6000806F2AD20BEA8424C0F30900204300F58A
:106A700080301946324603F037FE0346E8B1002461
:106A80004D45E6D197F830200AF1010A5FFA8AFAFB
:106A90005245D0D2A3EB08009846002388F8003076
:106AA0000EE000F5205292B2B2F5006F02D300283A
:106AB000DFD1EFE7B2F5806F05D3002088F8000042
:106AC00003B0BDE8F08F0446DAE70020E5E700BF39
:106AD00000FC0F0070B50C460A686260002319467E
:106AE000A38123611E464FF6FF7517E003F086FD74
:106AF000A84222D003F08CFEF30343EA560353FA74
:106B000080F399B22269C3F34E0343EAC133000A0A
:106B100010FA83F30132A18922619EB22046002936
:106B2000E4D16268A3689A42E0D12069A682013864
:106B3000FE288CBF0020012070BD002070BD00BF6A
:106B40002DE9F84F074691468A46002942D0D7F8EA
:106B50003034A1F10208434542D908F0070301256A
:106B60009D40C8F3C80BEDB246464446D7F82C14F6
:106B7000002201EB1431384603F002FDE8B10BF1BD
:106B8000FF3B834400F2FF101BF8011F0AE04A4557
:106B90002BD0A04510D0D7F83054A54214D913F00B
:106BA000FF050CD0013429424FEA4503A4EB06024D
:106BB000EDD0A0452646EED10120BDE8F88F58451E
:106BC0004FF00105E0D101E00026344601254FF0E9
:106BD000000BCBE7D0F82084D7F830344345BCD83D
:106BE0004FF000080125C346BEE7BAF1000F04D1FB
:106BF000B9F1010F08BFC7F82064B01CBDE8F88FD9
:106C00002DE9F843154698468A1ED0F830345119BC
:106C100099423AD80646B8F1000F39D1D0F820345D
:106C2000934288BFC0F82024D6F82C7402F00703E2
:106C300001249C4007EB1231C2F3C809E4B20122DF
:106C400030468F1803F09CFCF8B109F1FF3E8644F2
:106C500000F2FF101EF801CF1CEA040F14BF01223E
:106C6000002242458CEA040C4FEA44040DD0013D59
:106C70008EF800C018D014F0FF04EDD17045A14685
:106C80004FF00104E6D13946D9E70020BDE8F8838A
:106C9000D0F820049042C7D38142C5D9994228BF79
:106CA0000021C6F82014BFE70120BDE8F88300BF2B
:106CB000F8B5D0F8303401338B4201D20020F8BD52
:106CC00007460C4600F50476002506E0D7F8303478
:106CD0000133A34205F10105F0D3D7F824140022B3
:106CE00001EBD411304603F04BFCA400C4F30804BC
:106CF0000028E3D00459631CE8D1681CF8BD00BF2C
:106D000038B50C460B6890F845C4D0F8381465685F
:106D1000023B294003FA0CF303EB5123D0F82C1467
:106D200000F50470194403F02BFC18B16368C3F339
:106D30000803184438BD00BF2DE9F843D0F83834B3
:106D40000C4649680B401144616090F845141344A7
:106D500001F10902D2B2D3402BB380465D1E00F58B
:106D6000047905E02368013D03F1010323601AD390
:106D7000267A002EF6D1D8F83034276801339F42A6
:106D80003246484612D8D8F8241401EBD71103F044
:106D9000F7FBBF00C7F3080740B1C3595A1C09D01D
:106DA000013D2360E4D20120BDE8F8834FF0FF30BD
:106DB000BDE8F8833046BDE8F88300BF38B5D0F8A9
:106DC000303401338B4202D24FF0FF3038BD0C46D5
:106DD000D0F82414154601EBD411002200F50470FC
:106DE00003F0CEFB0028EFD0A400C4F3080403593D
:106DF0005A1C1ABF2B600120002038BD01291BD965
:106E000038B5D0F8303401338B420C4601D2002023
:106E100038BDD0F82414154601EBD411012200F539
:106E2000047003F0ADFB03460028F0D0A400C4F3C7
:106E3000080401201D5138BD00207047D0F83034BF
:106E40000133994201D9002070472DE9F04F0546E2
:106E500081B00C4600F504790F464FF00008D5F8D4
:106E60002414002201EBD411484603F089FBE30906
:106E700098B14FEA840BCBF3080B50F80B20511C50
:106E800016BF16464FF0000A4FF0010A012C04D934
:106E9000D5F830240132944203D9002001B0BDE876
:106EA000F08FD5F8241401221944484603F068FBFA
:106EB0000028F2D040F80B80BAF1000F12D0013454
:106EC000B44208D00023E21B39462846FFF798FE5B
:106ED0000028E2D03746D5F830340133B342DCD352
:106EE0003446BCE7621C5346D21B3946284601B0E3
:106EF000BDE8F04FFFF784BE2DE9F843D0F82C141D
:106F00000025064600F504782C46002240464F1C1A
:106F100003F036FBB0B100F1FF3E04F58059D6F81E
:106F2000300405E081B9083484420AD24C4517D0B8
:106F30001EF8011FFF29F5D10834844205F1080528
:106F4000F4D3401BBDE8F8830822012319424FEA1D
:106F5000430C18BF0135013A5FFA8CF3F6D1E2E732
:106F60003946D2E7F8B5044600234FF0FF3004F568
:106F70000477C4F840146160E060C4F81412C4F8E7
:106F80001C02154684F84434237084F810321A46E3
:106F90001946384603F0F4FA042D0CD8064650B1D1
:106FA0005DB927490522F01C0AF0EAF918B996F8EC
:106FB0006C30092B19D00020F8BD6B1E00EB0313B9
:106FC00093F8BE2112F07F02F5D193F8C231002B65
:106FD000F1D000EB05163846D6F8B651294603F035
:106FE000CFFA06460028DCD1E5E7336D2B44C4F820
:106FF0002434736DC4F82834B36D2B44C4F82C3496
:10700000F36DC4F83034336EC4F8343496F86D2020
:1070100084F84524012502F1090305FA03F3C4F8B5
:107020003C34013BC4F83834C4F8200401462A46F5
:107030002046FFF785FD402384F844342846F8BDF8
:107040001881010010B50446D0F83414FFF730FE63
:1070500094F845340933DBB2984010BD70B590F90F
:107060000230002B82B004460DDBA56805F1280034
:1070700003F05EFA00283BD1637843F0010300205F
:10708000637002B070BD8068A1690122283003F0EE
:1070900077FA0028F0D0A58805F00F056B0100EB0A
:1070A0004515C35CE52BE7D02378184A1B0744BF7E
:1070B000E369EB61236A16686B831A0CAA8266B1D6
:1070C0000DF103020DF1060101A8B047BDF804302F
:1070D000BDF806202B836B82EA82A378A56803F0B3
:1070E0007F03A37005F1280003F022FA0028C3D023
:1070F00005F50E7003F01CFA0028BDD0286803685F
:107100001B6A98470028B7D0BBE700BF7097FF1FE6
:10711000024638B552F8105F04462946806801F0EF
:10712000D9FF50B155B123690135AB42A37818BFDF
:1071300003F0BF0363F07F03A37038BDA37843F06F
:107140004003F7E7F8B5047814F0200404D11A4B93
:1071500042699A42054602D300273846F8BDFFF738
:10716000D7FF07460028F7D0A8682E6982794369BF
:10717000023E96401E440379ABB1214606E009F079
:10718000F9FFA8680379E1B28B420BD9314405229B
:10719000283003F0F5F901344FF400720021002883
:1071A000EDD1D9E7827969694FF40073934011FA00
:1071B00083F36B613846F8BD00FE1F0010B504462E
:1071C00080680A462830A16903F0DAF920B1A38863
:1071D00003F00F0300EB431010BD00BF10B50378A0
:1071E00004462BB1FFF73AFF00232370A37010BDB4
:1071F00000232370A370012010BD00BF38B50378B1
:1072000004460D4613B1FFF729FF88B1A068A169B4
:107210000022283003F0B4F950B1A38803F00F0323
:1072200000EB43112022284604F006FE012038BD61
:10723000002038BD30B589B00D4669461446FFF7C9
:10724000DDFF28B1BDF81020BDF80E302A80238064
:1072500009B030BD30B589B00D4669461446FFF718
:10726000CDFF28B1BDF81820BDF816302A80238044
:1072700009B030BD0B7813F0700F01D100207047BA
:10728000F0B540F6022389B00D46044601F060F8DF
:1072900038B101221023A27023702046FFF752FF5D
:1072A00010B9002009B0F0BD2378226922626BB1C9
:1072B000636933B1A378002223F020032261626165
:1072C000A3702046FFF7CAFE0028EAD0A068A16993
:1072D0000122283003F054F90028E2D0A38803F0FB
:1072E0000F0300EB43111022CA726846202204F0FB
:1072F000A3FD0A2220210DF1010009F03BFFA06847
:10730000216A83790239994043690122194428305E
:1073100003F036F906460028C3D02E2720226946FE
:107320008DF8007004F088FD2B6A8DF801701A0C3E
:10733000ADF81420694606F120002022ADF81A307D
:1073400004F07AFDA46804F1280003F0F1F80028A5
:10735000A7D004F50E7003F0EBF80028A1D0206848
:1073600003681B6A09B0BDE8F04018472DE9F041F9
:10737000044694B09846237801920020ADF814009A
:107380000B90002B40D10B7813F0700F0D463BD0C3
:1073900013782F2B16463BD0002728E0019E367825
:1073A000002E4ED000F0D4FF034602AA2946204604
:1073B0002BB9B8F1000F27D0FFF75CFF20B3A6462A
:1073C000BEE80F000DF12C0CACE80F00BEE80F007A
:1073D000ACE80F002378DEF80020CCF8002020462F
:1073E0000BB1FFF73BFE019E2770A7700BAD314636
:1073F00001AB02AA204601F0EDF8064602AA294692
:1074000000232046002EC9D1002014B0BDE8F08131
:107410000136019633782F2BFAD0AD682422002153
:107420000BA809F0A7FE0D95EB79102B0FD0202BA0
:10743000EAD140238DF82C3001238DF82E300BAD8E
:10744000AAE702AAFFF716FF14B0BDE8F0812023D7
:10745000F0E700BF2DE9F041044694B09846237848
:10746000019200200290ADF83800002B36D10B7845
:1074700013F0700F0E4631D013782F2B154631D0F4
:1074800000271EE0019D2D78002D41D000F060FF07
:10749000A6460DF1080C08B3BEE80F006646ACE83E
:1074A0000F00BEE80F00ACE80F002578DEF80030D2
:1074B000CCF8003020460DB1FFF7D0FD019D2770BC
:1074C000A770294601AB0BAA204601F083F80546B8
:1074D0000BAA314600232046002DD3D1002014B042
:1074E000BDE8F0810135019529782F29FAD0B1B98D
:1074F000B5682422204609F03DFEA560EB79102BEB
:1075000023D0202BEAD1402301202370A070E6E78E
:1075100043460BAA00F01CFF14B0BDE8F081B6682A
:107520002422002102A809F025FE0496F379102BED
:1075300009D0202BD2D140238DF8083001238DF8BB
:107540000A3002AE9CE72023F6E72023DCE700BFE9
:1075500019B101F58961FFF77DBF0846704700BF8B
:10756000CB6870B50D460446A3B906780EB118462F
:1075700070BD8D682422314609F0FCFDA560EB79D1
:10758000102B17D0202B13D1402201232270A3707F
:10759000184670BD2422002109F0ECFD01231022C1
:1075A0002270A370A968EA682262A160184670BDC3
:1075B000304670BD2022E8E770B504780CB1002099
:1075C00070BD05460E462422214609F0D3FDAE606B
:1075D000F379102B09D0202B05D1402301242B70E7
:1075E000AC70204670BD204670BD2023F6E700BF7A
:1075F0002DE9F04F8378DF0785B0054640F18C8098
:10760000884601780E07924600F18F808C0608D5D7
:1076100083685A894369C3EB42139BB29A4528BFDA
:107620009A46BAF1000F00F0AC806A69AF6805F1C4
:107630001003880656464FF000090193C2F3080B69
:107640003DD5396A01EB5221BBF1000F51D1B6F59E
:10765000007F4ED37A6B91424BD0B6F5806F6DD3DD
:10766000287880064FEA562305D43879A0EB090024
:10767000834228BF034691424FEA43240CD8C818DE
:10768000824209D207F128000393029102F050FFD1
:107690000299039B00283FD0F86A02685769424666
:1076A000B847002838D06A69361B2244A0446A6172
:1076B00067D02978AF688806C2F3080BC1D497F861
:1076C000059009EA5229BBF1000F35D1B9F1000F3D
:1076D00032D1002A3CD14A064CBF3A6A2A6A2A6152
:1076E000B9797869023A8A4048441118BBF1000F11
:1076F000ADD0CBF50074B4424FF0000207F1280082
:1077000028BF344602F03CFF30B100EB0B012246AB
:10771000404604F091FBC6E76B784FF0FF3043F032
:1077200002036B7005B0BDE8F08FC36942699B1A14
:107730009A4528BF9A4674E72A69D1E7F86A036830
:1077400042461B6998470028E6D04FF40074AAE728
:107750000B0705D5AA78540602D52A690132BEE77F
:107760002969019A384601F001FD0028D4DB02D0D6
:10777000AF682A69B4E72B7813F0700FCCD0AAEB6E
:10778000060A504605B0BDE8F08F00BF70B582B064
:1077900001220DF10701044646690569FFF728FF3C
:1077A000012808BF9DF80700666118BF4FF0FF3041
:1077B000256102B070BD00BF30B5436913F4F07F9E
:1077C00083B00446C3F3431500D089B901220DF1FB
:1077D00007012046FFF70CFF40B201280BD1636977
:1077E0001F336361A068383000EB451003B030BD33
:1077F00020334361F6E7002003B030BDF0B50378D5
:107800009BB0002613F0180F0896119606D08368D7
:1078100017468A689A4204460D4602D000201BB0E3
:10782000F0BDFFF71BFCA646BEE80F000DF1440CAF
:10783000ACE80F00BEE80F00ACE80F00DEF8003047
:10784000CCF80030A368A16903F12800324602F0A9
:1078500097FE0028E2D0A18801F00F0100EB411152
:107860002022684604F0E8FA237813F008033A4629
:10787000294677D108A8FFF779FD0028CED0109EC1
:10788000BDF82430A068A3809DF823300E99E370E2
:107890000B9BA16100272830E36001228DF8207046
:1078A0008DF8227002F06CFE0028B7D0A38803F098
:1078B0000F0300EB431513220DF10D0105F10D002F
:1078C00004F0BAFA9DF80B30EB724EB3A0688179E0
:1078D000B31E8B4041693A461944283002F050FEED
:1078E00000289BD000F120012022684604F0A4FA71
:1078F000A068314601F058FC00288FD0A068236AA8
:1079000082794169023B934019442830012202F0F8
:1079100037FE002882D020226946104404F08CFAF9
:1079200000210222082311A819918DF846208DF814
:10793000443000F0B5FE00283FF470AFA46804F1B5
:10794000280002F0F5FD00283FF468AF04F50E7042
:1079500002F0EEFD00283FF461AF206803681B6A67
:1079600098475CE740F6012308A8FFF773FD00285D
:1079700086D153E70378DA0601D40020704730B58A
:10798000436983B0044633B18378002223F0200397
:1079900002614261837000230FE06361A3686A01A2
:1079A000383303EB45159B5CEBB1E52B04D02E2B54
:1079B00002D0EB7A1B0722D5636913F4F07FC3F37F
:1079C000431503F12003E8D101220DF10701204600
:1079D000FFF70EFE40B2012803D163691F336361D4
:1079E000DCE763785BB9A378082243F00203204602
:1079F0002270A37003B0BDE8304000F051BE0020FB
:107A000003B030BD2DE9F041037807690446002B2F
:107A10003AD00D464169A94243D0002D38D018070D
:107A20002BD5E269AA422FD3D4F808C0A2789CF8DB
:107A300006000930C0B26E1E12F0400F26FA00F6A2
:107A400032D14A1EC240964201D3002930D15B0692
:107A50004CBFDCF82030236A236104F1100807E0F2
:107A60002169A06801F082FB002806F1FF360BDDDA
:107A70004246002EF4D1A2780CE09A06D4D5A36831
:107A80005B89B5EB431FF6D927610020BDE8F08183
:107A90008278056122F02002A27065610120BDE8B4
:107AA000F0810120BDE8F081236A33442361F1E7CE
:107AB000B61AD2E72DE9F041884615460021242266
:107AC00004461F469DF8186009F054FBD8F80800DA
:107AD000D8F82030A58000F1380205F00F0502EB40
:107AE0004512E360A060D17A0D0712D401F01701AE
:107AF0002170D37AE67013F0180F08BF41F0080127
:107B000007F0030308BF2170012B33D0022B05D0EF
:107B1000DBB100202070A070BDE8F0810323217844
:107B2000CD06F6D4CE07F4D407F008010B43A370BA
:107B3000958A518B41EA0541456BA5617D0511D5BB
:107B400009BB63F07F03A3700FE07B05E1D407F06E
:107B5000080343F00103A370416B938AA161518B29
:107B600041EA03412162D369E3617E0404D4012028
:107B7000BDE8F0810223D2E7E1692046FFF742FF2A
:107B80000028F4D1C5E701F00FFB0028C1D0A3788D
:107B9000D7E700BF0378002B3FD12DE9F0470B78E2
:107BA00013F0700F84B00C462CD04B6913F01F05F6
:107BB00028D106469046A94601220DF10F01204624
:107BC0005F09C3F3431AFFF713FD40B2012819D12F
:107BD0006369A2681F3302F1380C4FEA4A126361ED
:107BE0001CF802200CEB4A1C62B12E2A08D0E52AB0
:107BF00006D09CF80B1011F0080010D00F2905D00A
:107C00000025D9E7002004B0BDE8F0875106D3D5A0
:107C10009CF80D9002F01F05CEE70020704775B16B
:107C20000CF10A0101E01CF8012FC30143EA5003E3
:107C300052FA83F36145D8B2F5D14845E2D10095B7
:107C40004346BAB221463046FFF734FFDBE700BFB8
:107C500003780BB1FFF702BA012070472DE9F04716
:107C60000E46017882B009079DF828709DF82C8097
:107C70009DF830909DF834A057D5A2F2BC7294B212
:107C80007F2C52D85A1E0B2A01934ED87A1E1E2AD8
:107C90004BD8B8F1170F48D8B9F13B0F45D8BAF116
:107CA0003B0F42D80546FFF7D9F900283DD0A86818
:107CB000A9692830012202F063FC002835D0AA8887
:107CC000019B02F00F0247EA431343EA442300EB0F
:107CD00042124FEA5A01F7079BB241EA491141EAC1
:107CE000C82148BF5382B40789B208D51AF0010AE7
:107CF00018BF4FF0640A82F80DA01382D181AC68DE
:107D0000700744BF1383D18204F1280002F010FCF5
:107D100058B104F50E7002F00BFC30B12068036816
:107D20001B6A02B0BDE8F0471847002002B0BDE86A
:107D3000F08700BF83789B0727D510B5036A82B010
:107D40000446ABB1016911BB01930162A0681946F9
:107D500001F02AFAB0B1A37822786169E16163F099
:107D60007F03A37022B12046FFF778F902B010BD5F
:107D7000012002B010BD2169A0686FF0704201F0CF
:107D800005FA68B9002002B010BD0020704700233A
:107D90008068019301AA01F0E9F90028F2DBEAD139
:107DA000019B002BD7D0D1E72DE9F04783789C07C2
:107DB00005467BD588461907914600F1BD806B6961
:107DC00013EB090272D2B9F1000F44D04F464FF4C1
:107DD000007AA8682969447914EA5324C3F3080691
:107DE00043D1002E73D100297ED0AA78520603D544
:107DF000EA699A4200F28F8005F1100201F0B6F9AB
:107E0000002853DB00F09180A86829698379023942
:107E1000994043691944B7F5007F4ED3B7F5806F99
:107E200066D303797A0A1B1B934228BF1346426B21
:107E30008A424FEA432402D35E18B2426ED3C06A2C
:107E40000268966A4246B04780B36B693F1B234481
:107E5000A0446B61BDD1EA699A427DD2AA78EB61F8
:107E600062F07F03AB70484625E0827943690239AE
:107E7000914019442144002ECDD0C6F50074BC4277
:107E800028BF3C460122283002F07AFB70B1304412
:107E900022464146264403F0CFFFB6F5007FA8688E
:107EA000D3D1283002F044FB0028CED16B7843F0C8
:107EB000010300206B70BDE8F0876A69EB69BA4581
:107EC000544628BF3C469A4207D30522DBE7827915
:107ED0004369023991401944CFE7AB7813F0200F82
:107EE00014BF05220122CEE7296A61B329618DE71B
:107EF000436B8B4205D1002380F828304FF0FF33CD
:107F00004363C06A036842465B6A98470028CDD045
:107F10004FF4007499E70131296177E7002280F876
:107F200028204FF0FF32426389E72846FFF7F0F838
:107F300000287FF469AFB9E7C169FFF763FD002846
:107F40007FF43DAFB2E72846FFF7E2F80028ADD056
:107F50002969A868296259E7054B1B682BB1AB78E2
:107F600063F07F034846AB70A5E74846A3E700BF30
:107F70007097FF1F2DE9F04F8DB08446156801936F
:107F80001446984606468946BCE80F0003AF0FC763
:107F9000BCE80F000FC7DCF800303B604FF0000E6C
:107FA00043466560A4F80CE0002B3FD04FF0010A77
:107FB000A9EB0A0189B2490103A8FFF723FD50B3D9
:107FC000002103A8FFF7F8FB074620B300250DE0CA
:107FD00002F014FB8046584602F01AFC83464046E5
:107FE00002F016FC834516D10D2D18D0EAB23946A1
:107FF000304600F0C3FEA389834601352046002B9E
:10800000E6D16368A2689342E2D1BBFA8BF04009E3
:108010000DB0BDE8F08F00200DB0BDE8F08F019BE2
:108020000AF1010A5FFA8AFA5345C1D20120EFE74B
:108030002DE9F04F8DB00746164601919A4602F1A0
:10804000150402F120050FCF0DF10C0CACE80F0068
:108050000FCFACE80F003B68CCF800304FF00009C0
:1080600014F8012F4FEAC91343EA590352FA83F374
:10807000A5425FFA83F9F3D1336873604FF00008CB
:10808000A6F80C80BAF1000F4BD00127019BD91B39
:1080900089B2490103A8FFF7B5FC002852D000219E
:1080A00003A8FFF789FB00284CD0059A92F82830E6
:1080B00043F0010382F828300F235745C3724FF075
:1080C00000030CBF47F040023A4603734FF0000331
:1080D000027080F80D90438300F1010B012400250C
:1080E00006E0ABF8000001340135E4B20BF1020BFD
:1080F000B08918B97268B3689A4216D0304602F057
:108100007DFA042DEBB2ECD90A2B02D8ABF80300B0
:10811000E9E70D2CABF80500E5D10137FFB2BA4510
:10812000B4D201200DB0BDE8F08FB8F1000F06D039
:1081300008F101085FFA88F84FF6FF70E1E74FF0A9
:108140000108DEE700200DB0BDE8F08F2DE9F8430F
:10815000054650F8164BAE680B22202109F00AF8AC
:1081600023782E2B14BF0120002003D114F8013FE7
:108170002E2BFBD0721EA24209D9134602E09C426C
:108180001A4604D01A46013B11782E29F7D1A6428F
:108190004FF0000E7CD907277146F1464FF00808D2
:1081A00023782E2B25D0222B25D07C2B23D0A3F176
:1081B0005B0CBCF1020F1ED9A3F12A0CBCF1050F18
:1081C00051D9A3F13A0CBCF1050F5AD9A3F1210CF6
:1081D000BCF15D0F55D8B9422BD8A3F1610CBCF1AD
:1081E000190F46D8203B4EEA080EDBB25FFA8EFE2E
:1081F00005E0A24231D0B9421BD800205F2301F133
:10820000010C294401348B755FFA8CF3062B98BF5F
:108210002B751946B442C3D3AB7D202B10D090B13F
:108220001EEA090F18BF4FF0020E85F815E0BDE8F1
:10823000F8830A2F01D0A24218D2AB7D202B02D1A5
:108240000020BDE8F8832B7D2B4401207E213122C4
:1082500068759975DA75BDE8F883541C0A270821FA
:108260004FF01008D6E72D2BB5D0C4E714460020F8
:10827000D0E7A3F1410CBCF1190F98BF49EA0809F6
:10828000BDE703F0C003802BB5D101340020C1E766
:10829000F146C1E72DE9F04FDFF8B0B091F8148056
:1082A00083B00F4604464FF0620900254FF07E0A66
:1082B00001F11606DBF800300193019BB8F1030FC2
:1082C0002B4428BF4FF003089DB208F10403DBB232
:1082D00005F00F02F918013B092ADBB294BF3032D6
:1082E000373298458A754FEA1515F1D107EB080327
:1082F000002183F816A02046FFF784FB01212046C9
:10830000FFF75AFA03460B223046194693B193F809
:1083100000C0BCF1000F14D0DB7A1B07EED408F0CC
:108320007BFE0028EAD109F1FF3919F0FF09C1D11C
:10833000484603E06078B0FA80F0400903B0BDE839
:10834000F08F012003B0BDE8F08F00BF8C97FF1FB6
:108350002DE9F04F0E468DB089680593337807916B
:1083600013F0700F039051D0039B1B78002B4DD15D
:1083700013699246954A0C33A2FB0323C3F3870289
:108380009AF81530089298071CBF13465F1C4FF0EF
:108390000003194630461C46099314BFFFB201275B
:1083A000FFF730FB0AF11603A346A146A046069448
:1083B0000493756900213046C5F34F15FFF7FCF9AA
:1083C00008B30378E52B25D023B3BC4238BF002483
:1083D0002E2B29D0C27A0F2A29D012F0080223D1DD
:1083E000B9F1000F40F0D08004990B2208F014FE80
:1083F0000028DED19AF8153013F0010300F0DB807D
:1084000001230693D5E77378002B3AD000200DB0F6
:10841000BDE8F08F002C08BFA846BC423CBF013429
:10842000E4B273B3E52BD3D14FF00009C1E7B9F142
:10843000000F19D1089A03F01F0B5A45B9D113F058
:108440004009B6D0437B09939146BBF1010FB0D1EF
:10845000691C4B4689B252463046FFF78BFD002817
:1084600008BF4FF00009A4E70BF1FF3B5FFA8BFB5D
:108470005B45D9D1437B099A9342E6D04FF000097E
:1084800097E7059B9A05C1D503F00303013B012B38
:10849000BCD8002C08BFA846BC4203D31CE0DCB209
:1084A000A74219D000213046FFF786F9631C002847
:1084B000F5D17378002BA9D1BC420DD2079D05E000
:1084C0002B7904EB0314E4B2A74205D93046FEF73A
:1084D00039FE0028F4D199E7069B002B4DD17B1E75
:1084E000DBB208EB0305ADB2524629463046049391
:1084F000FFF79EFD002889D069013046FFF782FA18
:10850000002883D000213046FFF756F904460028A2
:108510003FF47CAF2022002108F02CFE0B220AF150
:108520001601204603F088FC9AF81520049B02F0FF
:1085300018022273264A1768002F41D00DF12B0232
:108540000DF12E010BA8B847BDF82C202282BDF8F2
:108550002E20E281049B9DF82B206273079991F8ED
:10856000282042F0010281F8282000930398059BFF
:108570002A463146FFF79EFA49E751463046FFF753
:1085800089FE0028ABD141E7BBF1010F7FF43EAF7C
:1085900000F10A04194601E010F8011FD30143EA73
:1085A000520351FA83F3A042DAB2F5D1099B934208
:1085B0007FF42CAF4B46059A11053FF527AFD4E762
:1085C00045F62122228222836282C7E74FECC44E05
:1085D0007097FF1FF0B508460978202983B014462C
:1085E0001E4603D110F8013F202BFBD020600378FA
:1085F00033B32A4D002712E07F2B07F101073DD846
:108600003C2BD9B22CD8212925D92239C9B225FA37
:1086100001F1CA0721D42E2B0DD1037883B12F2B62
:108620002FD0011D01AA02F0ABF8B0B1019BB3F548
:10863000803FE1D302372761A0600378002BEED1A1
:108640002369013BFE2B08D83060204603B0BDE80B
:10865000F040FFF77BBD1F290ED8002003B0F0BD0E
:108660005C29FAD004D97C29E5D1002003B0F0BD03
:108670003E390129F1D9DEE72E2BCED0202BCCD0EC
:10868000D9E72369013BFE2BE7D80346184613F8C8
:10869000012B202AFAD02F2AF8D0D5E70121000596
:1086A000F0B583788BB0002201929A0724D5016A35
:1086B000054619B1806800F077FDE8B10121284630
:1086C000FEF77CFDC0B1421E00F10A0C002412F836
:1086D000011FE30143EA540351FA83F39445DCB2EA
:1086E000F5D1E5270770AE6800232B70AB7006F15B
:1086F000280001F01DFF10B900200BB0F0BD06F5F9
:108700000E7001F015FF0028F6D0306803681B6A70
:1087100098470028F0D0EB78002BEED0294601A82E
:10872000FEF71EFF0028E7D0EB78002BE4D00126EF
:1087300021E001A8FFF740F8731CF1B25FFA83FC57
:108740009EB20028D8D0C37A0F2BD5D1027802F080
:108750001F038B42D0D1437BA342CDD10770A968C0
:1087600091F8283043F0010381F8283053060DD4E6
:10877000EB786345C0D3A988891B89B2490101A858
:10878000FFF740F900210028D3D1B5E7AC6804F128
:10879000280001F0CDFE0028AED004F50E7001F0E7
:1087A000C7FE0028A8D0206803681B6A9847A4E782
:1087B0002DE9F843DDF82090A2B105460C46984615
:1087C000571801E0BC420DD02B68204649465E6A2E
:1087D000C0472146024628460134B0470028F1D15F
:1087E000BDE8F8830120BDE8F88300BF486810B5F4
:1087F0000C4630B10B894A8901339BB29A420B81F6
:1088000001D9206810BD036803495B6801229847BD
:1088100000232068238110BDD47601002DE9F04F9C
:10882000054687B0406A8846924600214FF40072A0
:1088300008F0A0FC286A28B103683B495B680C2259
:108840009847286AEE696B6A03933368DFF8DCC0E7
:10885000DF6AE96804904FEA5A124FF00009674551
:10886000ADF81620ADF8149001F101040AF1FF32C1
:1088700026D16AB301EB0A07DFF8B4A00AE021466B
:10888000039A30460134D84700283ED0A7421ED074
:1088900033680498D3F824B00028F0D0BDF8143021
:1088A000BDF8162001339BB29A42ADF81430E6D8D9
:1088B000036851465B6801229847ADF81490DEE7E3
:1088C00003AB009321461B4B3046B847E8B1286AFA
:1088D00020B1036818495B68022298476B6AB8F1B7
:1088E000100F4FF0F8021A700CBF04200C20012367
:1088F000FF216A6AD15401339842FAD1E8696A6A61
:108900000368E9685B6A984718B9002007B0BDE8BA
:10891000F08FAB68E869E9686A6A194403685B6AC2
:10892000984707B0BDE8F08FC0800100B187000014
:10893000D4760100ED870000D07E010070B5446A56
:108940004FF40076054632460021204608F012FC1E
:108950007623EB22637090232270A37008222021DB
:10896000E01C08F007FCA4F80B6095F82B3063734B
:108970000222F823298D227463752B69E361AA69A9
:1089800022624AF65523E181A4F8FE3170BD00BF92
:1089900070B504464FF400720021406A08F0EAFB0B
:1089A000656A2269216805F2BF1001F04DFEA369D6
:1089B000226921681A4405F2C310013A01F044FE0D
:1089C00094F82A3085F8C231E06922690368C5F855
:1089D000C621A169626A5B6AC5F8CA114AF65521C7
:1089E000A5F8FE11BDE870400021184770B5466932
:1089F00090F82BE0456A4FF4807304464360A6F577
:108A00008072B2FBFEF202F20110000AA060400088
:108A100000F1A10C9C450DD98033F21AB2FBFEF295
:108A200002F20111090A480000F1A10C6345F3D3D9
:108A3000A1606360A3EB0C0303F180012161A2F646
:108A4000F571B1F5704F4CD2213002FB0E0081332D
:108A5000B0F5803FE36034BF0423062384F82A3056
:108A60000123A06123852046FFF792FF08B900206B
:108A700070BD2046FFF762FFA1681F4BE9824FF4EB
:108A80000072A5F811202921802285F8242085F87C
:108A900026100B22C5F82730202105F12B0008F005
:108AA00069FB4622412385F8362085F8373054216A
:108AB0003122362385F8381085F8392085F83A3088
:108AC000E069626A036821695B6A98470028CED032
:108AD0006268E36820461021BDE87040D21AFFF7B3
:108AE0009DBE206A0028C2D0036804495B68132237
:108AF0009847002070BD00BF87D61200208101007A
:108B0000F8B5466990F82BC0456A4FF400530361ED
:108B1000A6F58041B1FBFCF101F181034FF48042E5
:108B2000DB0942F2090E0446426083600EEB43000B
:108B3000904240F2BB8002F50052B11AB1FBFCF149
:108B400001F18103DB090EEB430082424FEA430748
:108B5000F1D3A36062604FF6F473994240F29B80B8
:108B600001FB0C2CA2F50052D21B92B202F500536D
:108B700022854F4AE360ACF50053944594BF4FF013
:108B80000B0C4FF00C0CA36184F82AC02046FFF7B1
:108B9000FFFE08B90020F8BD2046FFF7CFFEA16810
:108BA000444A454B696202202A6380212922E862F7
:108BB00085F8401085F8422020210B22C5F843306B
:108BC00005F1470008F0D6FA4622412385F85220E5
:108BD00085F8533054213322322385F8541085F818
:108BE000552085F85630E069626A036821695B6A3E
:108BF00098470028CED0E06921690368626A5B6A01
:108C0000063198470028C5D04FF400720021606AF1
:108C100008F0B0FAE069294BC5F8FC312169036816
:108C2000626A5B6A023198470028B3D0E069216923
:108C30000368626A5B6A083198470028AAD0204A14
:108C4000E0692A6002F1FF5202F500524FF0FF3353
:108C50002032C5F8E421C5F8E831C5F8EC312169C6
:108C60000368626A5B6A01319847002892D0E06924
:108C700021690368626A5B6A07319847002889D0D6
:108C8000A26894F82B30204603EB42022021BDE875
:108C9000F840FFF7C3BD206A00283FF47BAF0368AC
:108CA00008495B68132298470020F8BD5F0052E72F
:108CB0000004FB000100060087D61200000055AA40
:108CC000525261412081010038B504460868C569E7
:108CD0002362E16162620846A84700F2FF73DB0A83
:108CE000062B6061236024D9102B13D80223B0F522
:108CF000800F84F82B3020462ED2FFF777FE0546F2
:108D0000206A05B320B1036819495B680D229847B2
:108D1000284638BD202B23D9402B23D9802B23D99B
:108D2000B3F5806F22D9B3F5004F8CBF8023402369
:108D3000DDE7206A20B103680E495B68142298477A
:108D40000025284638BD0028FAD003680A495B6828
:108D50000F229847284638BDFFF7D2FE0546CFE7D9
:108D60000423C4E70823C2E71023C0E72023BEE79B
:108D70004C810100348101005C810100042A04D887
:108D800001EB4201B1F8010070470A2A03D801EB58
:108D90004201888870470C2A9ABF01EB4201C888BB
:108DA00000207047F8B504780D467CB114F06004DB
:108DB000164607D0012A09D92F2200230A704B70CA
:108DC0000120F8BD2146FEF7F9F910B900202870FE
:108DD000F8BD0346A446082711E0027B174203D0E2
:108DE0000EF1200E5FFA8EFE611CB142EED20CF144
:108DF000010CBCF10C0F05F804E0CCB210D0BCF1B2
:108E0000080F11D013F801EBAEF14102192AE4D991
:108E1000BEF1200FE8D10CF1010CBCF10C0FEED12A
:108E200000232B552046F8BD1A78202AF8D01027A9
:108E30004FF02E0ED8E700BF2DE9F04F8BB003782E
:108E4000002488460194002B55D0C3780646002B99
:108E500057D0014601A89146FEF782FB00284AD070
:108E6000F078002843D009F1FF39C144C3464FF0E0
:108E7000010AB188A1EB0A0189B2490101A8FEF7F4
:108E8000C1FDC0B3002101A8FEF796FC98B3C27AD9
:108E90000F2A30D102785FFA8AF102F01F028A426B
:108EA00029D1471C0025042DEAB23ED838886CBB76
:108EB00000F5205292B2B2F5006F3DD3A0B15946F1
:108EC0004A4601F011FC8346A8B1002401350D2D5E
:108ED00007F10207E7D10AF1010AF1785FFA8AF295
:108EE00091421FFA8AFAC4D2ABEB0800D84600239D
:108EF00088F8003002E0002088F800000BB0BDE8E0
:108F0000F08FFFF74FFF0BB0BDE8F08F00F5105268
:108F100092B2B2F5806FEED20A4BC0F3090003EAB9
:108F20008424204300F58030C9E70A2A94BFB7F8AB
:108F30000300B7F80500BAE7B2F5806FDBD204464C
:108F4000C4E700BF00FC0F00FFF776BF2DE9F84330
:108F5000DDE90898BBB105460C4616465F1802E0ED
:108F6000C847BC420FD02B6821461B6932462846B1
:108F7000984703464246204631460134002BEFD144
:108F80001846BDE8F88301231846BDE8F88300BF02
:108F900010B41468B4F5807FA44628BF4FF4807CD9
:108FA00001EB4C00814207D231F8023B13B9536800
:108FB000013353608842F7D8A4EB0C04146010BC52
:108FC000704700BF10B41468802CA44628BF4FF02F
:108FD000800C01EB8C00814207D251F8043B13B99D
:108FE0005368013353608842F7D8A4EB0C04146033
:108FF00010BC704770B5C379202B04460D46164649
:109000001FD0102B1AD1027A8369A2F10202B2FAA0
:1090100082F2C1F3072152095200194400F50E7083
:1090200001F0AEFA50B16D0005F4FF75435BE269E3
:109030009A4226BF33600120002070BD4FF0FF3000
:1090400070BD027A8169A2F10202B2FA82F252097B
:10905000520001EBD51100F50E7001F091FA0028D5
:10906000ECD0AD0005F4FE754359E0E738B5C3799F
:10907000202B0C46154618D0102B14D1027A836988
:10908000022AC1F30721194400F50E7014BF012212
:10909000032201F075FA034628B1640004F4FF745A
:1090A00001201D5338BD002038BD037A8169022B91
:1090B00014BF0122032201EBD41100F50E7001F060
:1090C0005FFA03460028EED0A40004F4FE740120E9
:1090D0001D5138BD2DE9F041C4688C4282B005466F
:1090E0000E4690462EBF01270C460027EB6901343F
:1090F000A34201AA284605D29FBBEC6801273C4445
:10910000A3422ED3A64221462BD0012C29D9FFF70A
:1091100071FF002825DBE9D0019B002BE6D107B1C8
:10912000EC60EB69A3421CD36FF0704221462846E5
:10913000FFF79CFF0746A0B13EB96B6A002B01DB2D
:10914000013B6B62C8F800400CE0012E09D0EB69CE
:109150009E4206D8314622462846FFF787FF002860
:10916000EBD10027384602B0BDE8F08101290AD9C9
:1091700010B4C4698C4202D310BCFFF73BBF4FF060
:10918000FF3010BC70474FF0FF307047012909D9FC
:1091900010B4C4698C4202D310BCFFF767BF002033
:1091A00010BC70470020704770B5054682B00C4671
:1091B0001DE0EB699C421FD8FFF71CFF0646002EFE
:1091C00021464FF00002284616DBEB699C4213D87B
:1091D000FFF74CFF80B16B6A002BA4BF01336B62B9
:1091E000EB68621EA34288BFEA60019C2EB1012C8D
:1091F000214601AA2846DCD8002002B070BD00BF7D
:109200002DE9F0470746406A002884B002DB04B02D
:10921000BDE8F087FB6997F838223C6901330021EB
:10922000CDE90231D30700F19380FB7900214FF0A3
:10923000FF32202B87F83812C7F8442207F5127640
:109240004FD0D7F80080494BD8F80020D7F818A0A5
:1092500095699D4235D1002C3ED013695146324666
:1092600040460AEB0409984730B30299B1F5807F74
:109270008E4628BF4FF4807E06EB4E0CB4450BD9CA
:10928000039D3346002233F8024B0CB901350246E8
:109290009C45F8D802B103950AF1010AA1EB0E0131
:1092A000D145029118D0D8F80020514613694046A4
:1092B000324698470028D8D14FF0FF3004B0BDE8BF
:1092C000F08723462A4C324651464046009402AC71
:1092D0000194A8470028EFD00398786204B0BDE855
:1092E000F087D7F800A0214BDAF80020D7F81890C3
:1092F00095699D4234D1002CEED009EB0408136926
:1093000049463246504698470028D5D0DDF808C077
:10931000BCF1800FE64628BF4FF0800E06EB8E02B0
:10932000B2420BD9039D3346002153F8044B0CB9CC
:10933000013501469A42F8D801B1039509F10109B6
:10934000ACEB0E03C8450293C6D0DAF80020D6E78E
:1093500007F50E7001F0ECF800287FF466AFABE77C
:1093600023463246034C49465046AFE74D8F000036
:10937000918F0000C58F000070B5044600230120C6
:1093800015464FF0FF322160E371E06004F12806DA
:10939000E162C4F83C1284F8283084F83832626301
:1093A000C4F84422CDB1042D01D9002070BD194666
:1093B0001A46304601F0E4F805F18055013D00F50C
:1093C000DF73290103EB05150028EED02A79002A66
:1093D000EBD05B5C5B06E8D1AD68002229463046E5
:1093E00001F0CEF80028E0D0B0F80B30B3F5007FE4
:1093F000DBD1037C2372013B012BD6D8467B26713F
:10940000731E0022012E6371A2710ED00122134639
:109410005B00DBB29E4202F1010105D0CAB2092A0B
:10942000F6D10823A371C0E7A271C68A26610EB9DE
:10943000466A2661C189B0F8113063812944A1616F
:1094400090F810C05B0106FB0C1103F2FF1301EB57
:1094500053232162B0F81310636101B9016AED1A58
:109460006B18D3405A1CE2614FF0FF32626240F643
:10947000F47293420DD94FF6F472934285BFC36ADA
:10948000236210232023E3712663C4F84062012085
:1094900070BD0C23E371002070BD00BFF8B58F6B69
:1094A00000260D4604468663C6639FB1014624200C
:1094B00000F0C8F806808670AD6BA06384460FCDBF
:1094C000ACE80F000FCDACE80F002B68CCF80030F3
:1094D0002046F8BDCB6B002BFAD00146382000F0B7
:1094E000B1F880F831704786E96BE063342202F00E
:1094F000A3FC2046F8BD00BF10B50446806B10B138
:10950000FDF76CFE30B9E06B10B1FBF7C3FD20B97D
:10951000002010BD0023A36310BD0023E36310BD32
:10952000002952D02DE9F0410446806B17461E46B3
:109530000D4610B1FDF752FEA0BBE06B10B1FBF77A
:10954000A9FDB8BBD5F88084B8F1000F11D0214631
:10955000242000F077F83346002606808670D5F880
:109560008014A0633A46FDF7F3FF58BBA063BDE843
:10957000F081D5F8843493B12146382000F062F8A8
:1095800080F83180A0F83280D5F88414E063334647
:109590003A46FCF7A3F9A8B9E063BDE8F0810020E2
:1095A000BDE8F081D5F880840023A363B8F1000FF3
:1095B000CDD1DEE7D5F880840023E363B8F1000F56
:1095C000C5D1D6E70120BDE8F0810020704700BF7B
:1095D000F8B50446806B0D46164610B1FDF7FEFD4A
:1095E00038BBE06B10B1FBF755FD38BBAF6B77B103
:1095F0002146242000F026F8002101808170A0631C
:10960000A96B3246FEF7C6FA88B9A063F8BDE86BCD
:109610000028FBD02146382000F014F880F8317083
:109620004786E063E96B3246FCF760F920B1012020
:10963000F8BD0023A363D9E7E063F8BD0023E3632B
:10964000D4E700BF084670472DE9F04100260446E4
:10965000C0F88814C0F8806401464FF490601F463B
:109660009046FFF7EFFF80F8446480F87964A0F833
:109670007A64D4F88814C4F884043A460546FDF7A1
:1096800071FCA8BB00262146C4F8846440F26C40FB
:10969000FFF7D8FF0223C671A0F8486480F84A6437
:1096A0000372D4F88814C4F880043A460546FFF7DC
:1096B00063FE30B91B4B00201860C4F88004BDE87D
:1096C000F08105F589663046FDF788FD294630466C
:1096D000FDF772FF0028EDD0134B1A68BAB91D6070
:1096E000104BB8F1000F16D01C600120BDE8F081CE
:1096F00005F589663046FBF7CDFC29463046FBF779
:10970000F7FC0028BED0094B1A68002AE7D0054BA9
:10971000B8F1000FE8D11A68002AE5D00120BDE8B1
:10972000F08100BF6C97FF1F6897FF1F6497FF1FB2
:1097300070B50446002060602073A064E064204699
:10974000044D4FF47A76A66040F8105BFFF7E8FE10
:10975000204670BD147B0100704700BF043000F04C
:109760008FBE00BF10B51C21044602F0B7FC204696
:1097700010BD00BF2DE9F041C37B012B35D0867BA6
:1097800004464EB1043000F07FFEB0F1FF0518BF73
:1097900001252846BDE8F081071D384600F00AFE85
:1097A000207B314600F004FE4FF00108FF213846CF
:1097B00000F088FE84F80E80384600F065FEA37B3A
:1097C000B0F1FF0518BF0125002BE2D0207B4146F8
:1097D00000F0EEFDFF21384600F074FE384600F040
:1097E00035FEA6732846BDE8F08100252846BDE871
:1097F000F08100BF2DE9F043234F83B03B68009315
:10980000009D05F59675044688469146ADB2061D45
:1098100005E03B680193019BEB1A1B040ED4304614
:1098200000F032FEFF282074F3D0FE281BD018234E
:10983000A07B637338B903B0BDE8F083A07B1D2320
:1098400063730028F7D0207B012100F0B1FDFF21D8
:10985000304600F037FE304600F0F8FD0020A073DF
:1098600003B0BDE8F0834A464146304600F01AFE98
:10987000207438B9304600F007FE304600F004FE90
:109880000120D8E72523D3E78C97FF1F70B5061D6D
:1098900015460446304600F015FE4FF40072294686
:1098A000304600F01BFEFF21304600F00BFEFF218A
:1098B000304600F007FE304600F0E6FD00F01F03E2
:1098C000052B207404D0A07B2023637310B970BDD6
:1098D000012070BD207B012100F06AFDFF21304690
:1098E00000F0F0FD304600F0B1FD0020A07370BD27
:1098F0002DE9F041264F82B03B680193019D05F5AB
:1099000016758046ADB2061D05E03B680093009BCE
:10991000EB1A1B0413D4304600F0B6FDFF280446B2
:10992000F3D1FD21304600F0CDFD98F80E30FBB9A3
:10993000002388F80F30012002B0BDE8F08198F8CC
:109940000E001E2388F80D300028F5D098F80C0082
:10995000012100F02DFDFF21304600F0B3FD30461F
:1099600000F074FD002088F80E0002B0BDE8F08120
:1099700098F80C00012100F01BFD2146304600F054
:10998000A1FD304600F062FD002388F80E30CFE7DD
:109990008C97FF1F2DE9F04103683A4C1B6A84B095
:1099A000A342064601920F465DD1C37B022B5FD0D6
:1099B000012B62D0B47B002C40D0351D0C2F15D06C
:1099C000DFF8C480D8F800300393039C04F5967444
:1099D000A4B206E0D8F800300293029BE31A1B04FD
:1099E0003BD4284600F050FDFF28F3D147F040015A
:1099F000284600F067FD0DF1040802AC14F8011DC3
:109A0000284600F05FFDA045F8D1002F0CBF95213E
:109A10008721284600F056FD284600F035FD0A242F
:109A2000284600F031FD013C10F0800F3074A4B2E4
:109A300001D0002CF4D104B0BDE8F081351D2846DA
:109A400000F0B8FC307B214600F0B2FCFF21284634
:109A500000F038FD0123B373B0E7002FC6D0FF201C
:109A600004B0BDE8F08198470028A3D1FF20F7E7B4
:109A7000FFF73EFF0028F9D09CE700F07DF90028B1
:109A8000F4D097E7DD9D00008C97FF1F2DE9F04390
:109A900089B001AC84E80E00054600269DF804005C
:109AA0002873AE736E736E74904600F07DFC287B55
:109AB000012100F07DFC6E4AAA6094E8070005AB26
:109AC00083E807002F1D0ECB384600F0AFFCAC7BBF
:109AD000EE73002C57D0287B012100F069FC0A248A
:109AE000FF21384600F0EEFC611E11F0FF04F7D1B3
:109AF0002146287B00F05CFC0A24002211462846FF
:109B0000FFF748FF0128064604F1FF330AD013F09F
:109B1000FF04F2D10123A87B6B73002841D109B067
:109B2000BDE8F0834FF4D57208212846FFF732FFD5
:109B3000420746D56E740026DFF83891D9F8003018
:109B40000493049C04F5FA64A4B206E0D9F800304A
:109B50000593059BE31A1B045BD43721002228469A
:109B6000FFF718FF324629212846FFF713FF002888
:109B7000ECD16B7C022B5ED0AB7B002B4DD13E49F0
:109B80003E48002235E0384600F014FC287B214690
:109B900000F00EFCFF21384600F094FC0123AB736B
:109BA00099E7287B012100F003FCFF21384600F0F3
:109BB00089FC384600F04AFC0020A87309B0BDE8D3
:109BC000F08302236B740424384600F05DFC631EAE
:109BD00013F0FF042874F7D1AA281CD16E7CA6F1DB
:109BE0000206B6FA86F67609B607A5E70132172A05
:109BF0003CD031F8023BB0FBF3F34345F6D8204BA1
:109C000053F82230012043F06053AB6009B0BDE847
:109C1000F08317237FE706237DE7287B012100F0EF
:109C2000C7FBFF21384600F04DFC384600F00EFC23
:109C30000023AB73A3E702463A212846FFF7AAFEAA
:109C400090B9384600F020FC00F0C003C02B04BFE0
:109C500003236B74384600F017FC384600F014FC00
:109C6000384600F011FC87E7122354E71622C6E7B6
:109C7000065000388C97FF1FA4830100006CDC02A3
:109C8000D4830100F8B5164600220446FFF782FE91
:109C900098B11B236373A07B00B9F8BD207B251D01
:109CA000012100F085FBFF21284600F00BFC28462F
:109CB00000F0CCFB0020A073F8BD05461022314611
:109CC0002046FFF797FD0028E5D0A67B002EE4D0C4
:109CD000207B271D012100F06BFBFF21384600F09F
:109CE000F1FB384600F0B2FBA5733046F8BD00BF6B
:109CF00000B585B06A460921FFF7C4FF38B19DF869
:109D0000003013F0C00305D0402B24D0002005B054
:109D10005DF804FB9DF809309DF80A209DF80610B7
:109D20009DF807009DF808C003F003035B0043EAB9
:109D3000D2139DF8052001F00301800040EA812044
:109D400002F00F0240EA9C101344073B0130984098
:109D500005B05DF804FB9DF809009DF807309DF8FB
:109D6000082003F03F03013000EB034000EB02202A
:109D7000800205B05DF804FBF8B50027C7733A46CA
:109D80000C210446FFF706FEA67B98B916B90126FA
:109D90003046F8BD0546271D207B012100F008FB59
:109DA000FF21384600F08EFB384600F04FFBA573CC
:109DB0003046F8BD09236373002EE9D0207B251DB2
:109DC000012100F0F5FAFF21284600F07BFB3E461A
:109DD000284600F03BFBA7733046F8BDC37B022B3F
:109DE00003D0012B03D001207047FFF781BDFFF79F
:109DF000C3BF00BFF8B5437C032B18BF490216460A
:109E00000A4618210446FFF7C5FD054698B10D2303
:109E10006373A07B00B9F8BD207B251D012100F0F4
:109E2000C7FAFF21284600F04DFB284600F00EFB44
:109E30000020A073F8BD3246FE212046FFF726FD24
:109E40000028E6D0A67B002EE5D0207B271D01212F
:109E500000F0AEFAFF21384600F034FB384600F03F
:109E6000F5FAA5733046F8BDF8B50646C07B012863
:109E70000D4614461F4602D173698B420CD0737C89
:109E8000032B14BF6A022A4612213046FFF782FDD7
:109E9000F8B90123F3737561002517B90EE0AF42DD
:109EA0000CD021464FF400723046FFF7A3FC013579
:109EB00004F500740028F2D10020F8BD7369307EEB
:109EC0003B4473610028F8D13046BDE8F840FFF705
:109ED00053BFB37B0C227273002BEDD0307B341D4B
:109EE000012100F065FAFF21204600F0EBFA204640
:109EF00000F0ACFA0020B073F8BD00BF2DE9F84FB8
:109F00009B46C37BDDF82890DDF82C80012B0646AC
:109F10000C46154602D143698B420CD0737C032B4F
:109F200014BF6202224612213046FFF733FD30BBD8
:109F300001237461F37304EB0B0ABBF1000F03D12F
:109F400012E0C847A2450FD04FF4007229463046B0
:109F5000FFF750FC07464246204629460134002FB1
:109F6000EFD10020BDE8F88F7369307E5B447361E8
:109F70000028F7D13046BDE8F84FFFF7FDBEB37BB0
:109F80000C227273002BECD0307B0121341D00F0C9
:109F90000FFAFF21204600F095FA204600F056FA0D
:109FA0000020B073DEE700BF03682DE9F0415E6971
:109FB000234B9E422AD1C37B012B04460D461746F4
:109FC00002D1436999420CD0637C032B14BF6A020F
:109FD0002A4612212046FFF7DDFC80B90123E373F6
:109FE00065614FF4007239462046FFF703FC50B11B
:109FF0006369207E01336361E0B1BDE8F081A37B3A
:10A000000C2262733BB90020BDE8F081B446012305
:10A01000BDE8F0416047207B0121251D00F0C8F913
:10A02000FF21284600F04EFA284600F00FFA0020E3
:10A03000A073E2E72046BDE8F041FFF79DBE00BFF8
:10A04000699E00002DE9F0470746C07B022882B0D8
:10A050000C4691469A4602D17B698B420DD07B7C9F
:10A06000032B14BF6202224619213846FFF792FCE7
:10A0700000284AD10223FB737C61BAF1000F21D082
:10A080002C4D3E1D4FF000082B680193019C04F5F8
:10A090001674A4B205E02B6800930099611A0B04B2
:10A0A0001BD4304600F0F0F9FF28F4D14A46FC21D9
:10A0B0003846FFF7EBFB90B108F10108C24509F5FE
:10A0C0000079E1D17B69387E53447B6150B93846D1
:10A0D00002B0BDE8F047FFF70BBC24237B73BB7BCA
:10A0E0001BB9002002B0BDE8F087387B012100F0E9
:10A0F0005FF9FF21304600F0E5F9304600F0A6F99F
:10A100000020B87302B0BDE8F087BB7B0E227A73E3
:10A11000002BE6D0387B01213C1D00F049F9FF21DE
:10A12000204600F0CFF9204600F090F90020B873E7
:10A13000D8E700BF8C97FF1F2DE9F04F85B0804610
:10A140000093C37BDDF838B00192022B0F4602D199
:10A1500043698B4210D098F81130032B14BF7A0258
:10A160003A4619214046FFF715FC002857D1022333
:10A17000C8F8147088F80F30019B2BB3019B344D45
:10A1800008F1040607EB030A009B59463846984736
:10A190002B680393039C04F516748146A4B205E072
:10A1A0002B680293029BE31A1B041CD4304600F078
:10A1B0006BF9FF28F4D14A46FC214046FFF766FBC5
:10A1C000A0B10137BA45DFD1D8F81430019A98F818
:10A1D00018001344C8F8143060B9404605B0BDE813
:10A1E000F04FFFF785BB242388F80D3098F80E3028
:10A1F0001BB9002005B0BDE8F08F98F80C000121D4
:10A2000000F0D6F8FF21304600F05CF9304600F04F
:10A210001DF9002088F80E0005B0BDE8F08F98F811
:10A220000E300E2288F80D20002BE2D098F80C009A
:10A23000012108F1040400F0BBF8FF21204600F0E2
:10A2400041F9204600F002F9002088F80E00D1E71D
:10A250008C97FF1F037E002B56D02DE9F041036839
:10A260009D6A354B9D4282B0074658D1C37B022B75
:10A270000C46904602D1436999420DD07B7C032B5A
:10A2800014BF6202224619213846FFF783FB0028DB
:10A290003CD10223FB737C61284E33680193019DFE
:10A2A00005F516753C1DADB205E033680093009BC3
:10A2B000EB1A1B0412D4204600F0E6F8FF28F4D174
:10A2C0004246FC213846FFF7E1FA48B17B69387E07
:10A2D00001337B6148B302B0BDE8F08124237B7376
:10A2E000BB7B1BB9002002B0BDE8F081387B0121A7
:10A2F00000F05EF8FF21204600F0E4F8204600F070
:10A30000A5F80020B873E6E7FFF774BDBB7B0E220B
:10A310007A73002BE6D0387B01213C1DE8E701234E
:10A32000AC4602B0BDE8F0416047384602B0BDE837
:10A33000F041FFF7DDBA00BF45A000008C97FF1F7A
:10A3400010B584B00DF1040C8CE80E009CE80E00F2
:10A350000446FFF79BFB20B19DF8053003F0010395
:10A36000237604B010BD00BF38B503680D4A1B6AE0
:10A37000934204460D4607D1C37B022B08D0012B24
:10A380000BD02576012038BD98470028F9D138BD7B
:10A39000FFF7AEFA0028FAD0F3E7FFF7EDFC00284C
:10A3A000F5D0EEE7DD9D0000012102F01DB900BFF0
:10A3B00002F0E6B830B403684268D97AD1B172B617
:10A3C000D97ACC0708D54FF0E024DD68D4F88001B5
:10A3D00028409861C4F88001880708D54FF0E02430
:10A3E0001D69D4F884012840D861C4F88401490764
:10A3F0000ED462B61B68D968914207D0094C0A494D
:10A400001C6042F08040DA601861196030BC70470F
:10A410004FF0E0205C69D0F8881121401962C0F843
:10A420008811E6E701403F0000003F8084B00DF155
:10A43000100C0CE90E00044A002B08BF1346036001
:10A44000184604B000F04CBB8C87FF1F0268D37A1B
:10A45000A3B1D80704D54FF0E0219069C1F80001FD
:10A46000990704D54FF0E021D069C1F804015B07DA
:10A4700004D54FF0E023126AC3F80821704700BFEB
:10A48000006800F06BBB00BF026812684FF000412B
:10A49000FF23D1625363D36A002BFCDA906BC0B206
:10A4A000704700BF70B50C4605461646FF21204692
:10A4B00006F060FE286833462246214600F078FB0D
:10A4C000002070BD03681A684FF00043D3625163E7
:10A4D000D36A002BFCDA936B704700BF30B5531E74
:10A4E000B3F5007FADF5017D1446054613D37AB16F
:10A4F0002B68481E196882184FF0004410F8013F7D
:10A50000CC624B63CB6A002BFCDA90428B6BF5D1AB
:10A510000DF5017D30BD684601F08EFC6A46286865
:10A520002346114600F044FB0DF5017D30BD00BF10
:10A5300070B50378D9071CD504464068E168036804
:10A5400004F110065B6A324698470546A0B12378AD
:10A550009A0709D5A3686068E16819440368324620
:10A560005B6A984740B1237823F0010323702846A3
:10A5700070BD0125284670BD0025284670BD00BF6E
:10A58000F8B543680BB3C3688B4204460E461546C4
:10A5900006D110F8103B05F003052B432370F8BDDE
:10A5A000FFF7C6FF88B16B0705D504F110073846E1
:10A5B000E6600023EFE76068036804F110071B6999
:10A5C0003A46314698470028F1D10020F8BD00BF37
:10A5D000034B4FF0000C82F800C01B68184700BF07
:10A5E0007497FF1F024A034B0349116018607047BC
:10A5F0007097FF1F7497FF1FD1A5000010B5044688
:10A60000808982B018B10023A38102B010BD6368B5
:10A61000A1688B42F9D201AA184600F0B1F880B1C6
:10A62000019B6060B3F5803F01D298B2EDE7980AD4
:10A63000C3F30902A2F51053A0F52150A38180B203
:10A64000E3E74FF6FF70E0E7B1F5807F20D81029EF
:10A650002DD840234FF0200CB2FBF3F1B1F5806F01
:10A660001FD210B5B2FBFCF403FB11234FEA910E8D
:10A670000CFB14222EF03F0E013242EA0E02C9B248
:10A68000D2B2B3FBFCF3DBB203704270817010BD39
:10A690003F239C46802910D9B1F5FC7F0FD81B01C0
:10A6A000DAE7FF21FE230370417081707047202993
:10A6B00016D880234FF0200CCEE7DB00CCE7B1F5B5
:10A6C0007C7F04D9B1F5FC6F03D89B01C4E75B0123
:10A6D000C2E7B1F57C6F94BFDB01C3EB0323BBE79B
:10A6E00020239C46D6E700BF7F280346A2EB010249
:10A6F00005D8002A42D0084600F8013B7047B0F563
:10A70000006F0DD2012A39D9820903F03F030846B0
:10A7100062F03F0263F07F0300F8022B4B7070473A
:10A72000B0F5803F11D2022A28D9C3F38512000B5D
:10A7300003F03F0360F01F0062F07F0263F07F03CD
:10A7400008704A70C81C8B707047032A16D94FEAEC
:10A75000904CC3F38512C0F3053003F03F036CF057
:10A760000F0C60F07F0062F07F0263F07F0348709F
:10A77000CB7081F800C08A70081D704700207047B8
:10A78000884239D210B4034690F900001C780028A2
:10A790002BDA04F0E000C02830D004F0F000E0280C
:10A7A00030D004F0F800F02823D104F0070404208E
:10A7B000184488421DD8013313F8011B01F0C00C66
:10A7C000BCF1800F01F03F0141EA841411D18342B2
:10A7D000F2D10E4BA4F1800199420AD8A4F5584356
:10A7E000B3F5006F05D3146001E01460581C10BC71
:10A7F0007047002010BC70470020704704F01F0411
:10A800000220D5E704F00F040320D1E77FFF1000FA
:10A810007E2841D910B44FF0350C284C002305E0B8
:10A8200034F8221081428CBF94461346ACEB0301EE
:10A83000012903EB5102F3D89BB234F82320904254
:10A840001AD21F4C4FF04B0C002305E034F82210B5
:10A8500081428CBF94461346ACEB0301012903EB04
:10A860005102F3D89BB234F82320824204BF04EB98
:10A870008304608810BC704704EB8304821AE37879
:10A880009A42DEDA94F90230012B0FD09BB19BB2D1
:10A89000034498B210BC7047A0F16103192B8CBF20
:10A8A00000230123A0EB431398B2704702F001028A
:10A8B000831A98B2DEE74EF2A033E9E7D0820100B6
:10A8C000A481010090F81CC04160BCF1020FC2607D
:10A8D00001D18368184700F07DBD00BF8446006841
:10A8E0002DE9F0410C4611461A46C36813F0807FEB
:10A8F0007A4B03604BD1D30700F1D1809CF82460E0
:10A90000174646EA0626002F00F0B78034B12678B5
:10A91000637846EA032676BA0234B6B2DCF804302D
:10A9200093F808E0022F0EF1FF3E4FEA0E3E0CBFF7
:10A9300046F0805346F010431FFA8EFE4363023FF9
:10A940000AE011B105F8010B2946013A03F47043FE
:10A95000734517D9DCF80000C36A13F0F00FF5D087
:10A9600012F0010F806B0D46EBD1C0F3072819B12F
:10A9700005F8028B4870294603F470437345A2F131
:10A980000202E7D8002F78D0DCF80000BEE7D3073A
:10A990005FD49CF824701646BFB2002E45D024B177
:10A9A000637814F8027B47EA0327DCF8043093F855
:10A9B00008E0022E0EF1FF3E4FEA0E3E0CBF47F0BC
:10A9C000805347F010431FFA8EFE4363023E0AE0B5
:10A9D00011B105F8010B2946013A03F470437345A0
:10A9E00017D9DCF80000C36A13F0F00FF5D012F0AD
:10A9F000010F806B0D46EBD129B105F8020BC0F3B6
:10AA000007204870294603F470437345A2F10202FF
:10AA1000E7D856B1DCF80000C1E729B100F8023BE5
:10AA2000C3F307234B700146023A82B1DCF80030D1
:10AA3000D86A10F0F00FF8D0D4079B6B0846ECD51D
:10AA400011B100F8013B0146013A002AEED1BDE800
:10AA5000F08184B314F8013B012A18BF43F000438E
:10AA600043639CF82470561E96E7C3F3072419B17C
:10AA700000F8024B4B700146023A002AE7D0DCF89E
:10AA80000030D86A10F0F00FF7D0D4079B6B08465F
:10AA9000EBD511B100F8013B0146013AEDE79CB15D
:10AAA00014F8013B012A18BF43F0004343639CF8AC
:10AAB0002460571E25E79CF82470012A1ABF47F02E
:10AAC000004343634763CEE79CF82460012A1ABF22
:10AAD00046F0004343634663EBE700BF00041F807A
:10AAE000436810B41C685A682168114302682160E9
:10AAF000154C16491460D160154C1649146111604B
:10AB0000417A154A5C180A3194F824C053F8214060
:10AB100002EBCC0149680C60017A5C1803EB8101FF
:10AB200094F818C0CC6902EBCC0149680C60817ABA
:10AB300010BC581803EB810390F83000596B02EBFE
:10AB4000C00253681960704701401F0001100038AF
:10AB50000110007800001F801486010010B44268C4
:10AB600090F809C0104B944400219CF824C003EBDA
:10AB7000CC0CDCF80440216090F808C094449CF8A8
:10AB800018C003EBCC0CDCF804402160847A006828
:10AB90002244064C92F8302003EBC2035B68196034
:10ABA000046010BC704700BF1486010001401F0004
:10ABB0000BB1FFF793BE704770B4016B4A4A097935
:10ABC000D177C16A09791177016B09791177826AA6
:10ABD00003462AB34168C9688A4243D9C46A006BF4
:10ABE000521A21689A620D6803F12404A5424FF0BD
:10ABF000010259D01C68E56815F0804F0D6829D115
:10AC00002D780E6845F0004501360E6065633649C3
:10AC10000079C87612B1DB6A1B79CB7670BC7047BD
:10AC20000168324C406B0A63CC62CC6824F08044EB
:10AC3000CC6004682E4924684FF0030C8C4283F8E2
:10AC400025C039D1037F4260022BC26038D170BC6D
:10AC5000836818472D880E6845F0004502360E605F
:10AC60006563D4E7C16A0968CC8B260402F1FF3022
:10AC700031D4C0F30E00C883CC8B186BA4B2CC8245
:10AC80000468E58B2D041ED4C2F30E05E583E58B25
:10AC9000ADB2E5820D680024013A9C6203F1240400
:10ACA00018BF0122A542A5D11968CC6893F82440A9
:10ACB00044F000444C63AAE72346114670BC184791
:10ACC00070BC00F087BBE58BC2F3080605F47E4537
:10ACD0003543E583DBE7CC8BC0F3080004F47E4406
:10ACE0002043C883C8E700BF0080004000000FFF7A
:10ACF000C5A8000008B50248FFF75EFF08BD00BF09
:10AD00008C87FF1F002202210280828082600273F2
:10AD10000282426102768283026280F824200285E8
:10AD2000C26280F830200287C263A0F84820C26463
:10AD3000A0F858200266A0F868200267A0F87820E2
:10AD4000C0F88020A0F88820C0F89020A0F89820B3
:10AD5000C0F8A02080F8B910A0F8BA2080F8BC2074
:10AD6000C0F8C020C0F8C420C0F8C820C0F8CC206B
:10AD7000C0F8D020C0F8D420A0F8A82080F8AA20DD
:10AD8000704700BF38B5057804462D2D08BF013443
:10AD9000204605F073F92378642202FB00F0A3F14A
:10ADA0003002092A05D814F8013FA3F13002092A1C
:10ADB000F9D92E2B03D02D2D08BF404238BD637822
:10ADC000303B092BF7D8A27803EB8303303A00EB32
:10ADD0004300092A98BF80182D2D08BF404238BD76
:10ADE00070B50D46044605F049F91C4BA3FB002342
:10ADF0005B092B80642202FB13002278184BA2F11E
:10AE00003001092900FB03F305D814F8012FA2F142
:10AE100030010929F9D92E2A0AD0124A03EB8303FB
:10AE20000133A2FB03235B0800226B602A7270BD12
:10AE30006078A0F13001092904F10104EDD8084A35
:10AE4000094E14F8010FA6FB02C2D20802FB01331F
:10AE5000A0F130010929F4D9DFE700BF1F85EB51CC
:10AE600080969800ABAAAAAACDCCCCCC2DE9F04113
:10AE700090F8A9608CB004465EB390F8AA30A3F1B4
:10AE80004102052A76D9A3F16102052A94BF573BF6
:10AE9000303B94F8AB20A2F141011B010529DBB244
:10AEA00040F23981A2F16101052994BF573A303A45
:10AEB000134494F8A820DBB29A4200F0B780D4F88B
:10AEC000D03001330026C4F8D03030460CB0BDE895
:10AED000F08190F8BA7037B390F8B930022B03D0F4
:10AEE00090F8AA20002A47D1D4F8C450002DECD005
:10AEF0002B4604F1AA0704E02D6B002DE5D0D4F811
:10AF0000C430996AA86A06F05FFD0028DDD1EA6ABC
:10AF100094F8BA309A42D8DCEED11022394628464D
:10AF200006F074FAE8E700F1AA08BE49404606F0C8
:10AF30004BFD30B1BC49404606F046FD002840F0CC
:10AF4000EC800127D4F8C05084F8B970C4F8C4501C
:10AF50002DB9BAE72D6BC4F8C450002DB5D0A86A3E
:10AF6000414606F031FD0028F4DBAED00023C4F8E2
:10AF7000C430AAE7373B8CE747EA4317013F282F45
:10AF8000B2D801A353F827F0BBB10000AFB1000065
:10AF90009FB1000093B1000083B10000C5B1000073
:10AFA00019B200000DB20000F7B10000E9AE0000D8
:10AFB000E9AE0000E9AE0000E9AE0000E9AE000035
:10AFC000E9AE0000E9AE0000E9AE0000E9AE000025
:10AFD000E9AE0000E9AE0000E9AE0000E9AE000015
:10AFE000E9AE0000E9AE0000E9AE0000E9AE000005
:10AFF000E9AE0000E9AE0000E9AE0000E9AE0000F5
:10B00000E9AE0000E9AE0000BBB10000E7B100000E
:10B01000AFB100009FB1000093B1000083B1000008
:10B02000DDB10000D3B1000003B20000D4F8D43089
:10B0300094F8BC200133C4F8D4307AB3D4F8CC30BF
:10B0400094F8B9100133C4F8CC30002900F0F48032
:10B05000012929D0D4F8C450002D3FF436AFDFF8D1
:10B06000CC812B4640F201170DE006F017FED8F810
:10B0700000300B930B9B2B62AF842D6B002D3FF4A4
:10B0800024AFD4F8C430996AA86A06F09DFC034640
:10B09000294605F11000002BE7D016E794F8B930E7
:10B0A000002B4AD0012BD5D1604F236CE3633B6862
:10B0B0000293029B63643B680193236DE36440F257
:10B0C0000115019B2587A4F848506365002AC1D06B
:10B0D000092204F11C01201D00F0AEFE092204F13A
:10B0E000280104F1100000F0A7FE3B680993099BBA
:10B0F0006363636E23663B680493049A3B6803931F
:10B10000039BE265626F2580A4F858502267E366CE
:10B11000A4F868509EE7373ACAE64549404606F02B
:10B1200053FC00283FF40EAF4249404606F04CFC69
:10B13000071E18BF01277F0004E73C4D226D2B68D6
:10B140000593059B636540F20113E264A4F848305F
:10B150002B680893089A2B680793D4F894100798E3
:10B16000C4F88C2040F20113D4F8A420C4F89C0049
:10B17000C4F89010A4F88830C4F8A020A4F898303F
:10B1800068E7A2F15702B2FA82F2520980F8302041
:10B19000AAE600F12801AA30FFF722FEA4E6A2F1F8
:10B1A0005302B2FA82F2520980F824209CE600F1A0
:10B1B0001C01AA30FFF714FE96E6AA30FFF7E2FD65
:10B1C000206591E6302A94BF0022012280F8BC203D
:10B1D0008AE6AA30FFF7D6FD606785E6AA30FFF75A
:10B1E000D1FD606680E6A2F14102B2FA82F2520914
:10B1F00080F8BC2078E6AA30FFF7C4FDC4F88400CC
:10B2000072E6AA3004F03AFF20646DE6AA30FFF738
:10B21000B9FDC4F8A40067E6AA3004F02FFFC4F813
:10B22000940061E6A8840100B08401008C97FF1FA0
:10B23000B8840100C0840100134D2B680593059A62
:10B24000236DE36440F20117626504F11C010922D9
:10B25000A4F84870201D00F0EFFD092204F1280138
:10B2600004F1100000F0E8FD2B680A930A9B636369
:10B27000D4F88430C4F880302B680693069B27806E
:10B28000E367A4F8787063E78C97FF1F38B5D0F8B0
:10B29000C830A1F10A02013304460D46C0F8C83097
:10B2A000222A2ED8DFE802F0182D2D182D2D2D2D55
:10B2B0002D2D2D2D2D2D2D2D2D2D2D2D2D2D2D2DBE
:10B2C0002D2D402D2D2D2D2D182D120090F8A8304C
:10B2D00083F02C0380F8A83094F8BB300E2B2ED9C5
:10B2E000002094F8BA30A5F12A0500220133B5FAFE
:10B2F00085F56D0984F8BA3084F8BB2084F8A9502C
:10B3000038BD90F8BB300D2B05D8C218013380F83A
:10B31000BB3082F8AA1094F8A900C0B994F8A830FC
:10B320005D4084F8A85038BD00200223A4F8A8008E
:10B3300084F8B930A4F8BA0084F8BC0038BD2344BE
:10B34000002283F8AA202046FFF790FDC9E70020DD
:10B3500038BD00BF38B5044600238068637004F030
:10B3600027FC0B4904F030FD0546A08804F024FCBE
:10B370000146284604F06CFB03F0E4FF247B024600
:10B380000B460CB101F100431046194638BD00BF11
:10B39000286B6E4E38B5044600234069637004F094
:10B3A00007FC0B4904F010FD0546208A04F004FC5C
:10B3B0000146284604F04CFB03F0C4FF247E0246FD
:10B3C0000B460CB101F100431046194638BD00BFD1
:10B3D000286B6E4EEFF3108272B6437F5BB9017F2C
:10B3E000012930B40BD0032913D00123437702B9CC
:10B3F00062B630BC70470AB962B670477047124CEB
:10B400002168B1B1114943610B68836108605861DB
:10B41000EBE70F4D0F492C688CB143610B688361DA
:10B4200058614FF0E0234FF080540860C3F8044D9A
:10B43000DBE7064B4161816120601860D5E744611C
:10B4400084612860EDE700BF7897FF1F8897FF1F92
:10B450008097FF1F7C97FF1F70B5EFF3108272B6C5
:10B460000C4C206880B10C4E00254369236073B1F9
:10B470009D6102B962B6836845779847EFF3108201
:10B4800072B620680028F0D102B962B670BD336090
:10B49000EFE700BF8097FF1F7C97FF1FFFF7DCBF20
:10B4A000024A136801331360704700BF8C97FF1F77
:10B4B0000368C9B21B6818470368C9B21B681847FC
:10B4C0000368C9B21B6818470368C9B21B681847EC
:10B4D0004B0803F1376303F5D83310B50446B3FBCB
:10B4E000F1F001F07FF9044B1B7803B110BD204649
:10B4F000BDE8104003F0F6BC4188FF1F08B50846C0
:10B5000001F072FB012008BD08B5084601F06CFB94
:10B51000012008BD38B508460D4606F0B1FC0446CA
:10B520000146284601F06AFB204638BD10B50846A2
:10B530001446114601F062FB204610BD0846114634
:10B5400001F08ABD0846114601F06ABD01F082BCD7
:10B5500008B5084601F01EFB003818BF012008BDE1
:10B5600008B5084601F0F4FA003818BF012008BDFC
:10B570000846114601F084BA084601F0BFBA00BF80
:10B58000084601F061BA00BF01F0F8B910B54B08E8
:10B5900003F13763144603F5D833B3FBF1F001F040
:10B5A00021F92046BDE8104001F08AB901F02CBC19
:10B5B00001F0E4BB01F0CEBB01F0A8BB01F0B2BBCF
:10B5C0004B0803F1376303F5D83310B50446B3FBDA
:10B5D000F1F001F051FD044B1B7803B110BD204682
:10B5E000BDE8104003F07EBC4288FF1F08B5084646
:10B5F00001F040FF012008BD08B5084601F03AFF00
:10B60000012008BD38B508460D4606F039FC044651
:10B610000146284601F0AAFF204638BD10B508466D
:10B620001446114601F0A2FF204610BD08461146FF
:10B6300002F0CAB90846114602F0AAB902F0C2B82F
:10B6400008B5084601F0F6FE003818BF012008BD15
:10B6500008B5084601F0CCFE003818BF012008BD2F
:10B660000846114601F058BE084601F093BE00BFDF
:10B67000084601F035BE00BF01F0CABD10B54B0849
:10B6800003F13763144603F5D833B3FBF1F001F04F
:10B69000F3FC2046BDE8104001F05CBD02F06CB840
:10B6A00002F024B802F00EB801F0E8BF01F0F2BFDA
:10B6B0000368064A1B68934205D110B5C8B201F071
:10B6C000D9FE012010BDC9B2184700BFF9B500006E
:10B6D0000368064A1B68934205D110B5C8B201F051
:10B6E000C9FE012010BDC9B2184700BFF9B500005E
:10B6F0000368064A1B68934205D110B5C8B201F031
:10B70000B9FE012010BDC9B2184700BFF9B500004D
:10B710000368064A1B68934205D110B5C8B201F010
:10B72000A9FE012010BDC9B2184700BFF9B500003D
:10B730004B0803F1B76303F5584310B50446B3FB58
:10B74000F1F002F0C7F9044B1B7803B110BD20469D
:10B75000BDE8104003F0C6BB4388FF1F08B508468C
:10B7600002F024FB012008BD08B5084602F01EFBCC
:10B77000012008BD38B508460D4606F081FB044699
:10B780000146284602F01CFB204638BD10B508468D
:10B790001446114602F014FB204610BD084611461F
:10B7A00002F088BC0846114602F068BC02F0C0BB3B
:10B7B00008B5084602F0DAFA003818BF012008BDC3
:10B7C00008B5084602F0B0FA003818BF012008BDDD
:10B7D0000846114602F07ABA084602F0A3BA00BF42
:10B7E000084602F057BA00BF02F01EBA10B54B0867
:10B7F00003F1B763144603F55843B3FBF1F002F0CD
:10B8000069F92046BDE8104002F0B0B902F06ABB09
:10B8100002F022BB02F00CBB02F0E6BA02F0F0BA72
:10B820000368064A1B68934205D110B5C8B202F0FE
:10B83000BDFA012010BDC9B2184700BF69B70000AA
:10B840000368064A1B68934205D110B5C8B202F0DE
:10B85000ADFA012010BDC9B2184700BF69B700009A
:10B860000368064A1B68934205D110B5C8B202F0BE
:10B870009DFA012010BDC9B2184700BF69B700008A
:10B880000368064A1B68934205D110B5C8B202F09E
:10B890008DFA012010BDC9B2184700BF69B700007A
:10B8A000F8B50C4671B182B106468F180025336891
:10B8B00014F8011B1B6830469847BC420544F6D17A
:10B8C0002846F8BD0D462846F8BD1546F8E700BFE6
:10B8D00070B5012A8AB008BF0A22A1B34FF0210E29
:10B8E00002E05FFA86FE2946B1FBF2F502FB151471
:10B8F0005FFA84FC092C0CF1300498BF5FFA84FCD9
:10B900000EF1280488BF0CF1370C6C4488BF5FFA35
:10B910008CFC91420EF1FF3604F824CCE1D24BB1FD
:10B920000EF1FF3E5FFA8EFE0EF128036B442D22CE
:10B9300003F8242C036801A95B68CEF1220271444C
:10B9400098470AB070BD30228DF825204FF0210EA7
:10B95000E5E700BF2DE9F0418C688AB0DCB1002535
:10B96000884606462F462B46212201A9404600F074
:10B9700041FA3368202C22465B6828BF202201A9A7
:10B9800030461544A41A98470744002CEBD138469A
:10B990000AB0BDE8F081274638460AB0BDE8F0811C
:10B9A0000029BABF49422D2300230A22FFF790BF86
:10B9B00000B5036883B040F60D22ADF804205B6843
:10B9C000022201A9984703B05DF804FB034B02284B
:10B9D00088BF034618461B685B6818474488FF1FEA
:10B9E00032B9036800B51B685DF804EBC9B21847AB
:10B9F000FFF76EBF524A2DE9F043A2FB00435B09FB
:10BA0000A2FB0342C3EB03145209A0EB84004D4C8C
:10BA10000870C2EB0215A4FB024EA3EB85034FEAAC
:10BA20001E1E4B70484B494E494FDFF828810EF1DE
:10BA30000400A3FB00430EEB4E04A2EBC4028A7089
:10BA4000C21A03EB52039B08C3EBC303C31A0020C3
:10BA5000CB70024640F26D190DE0B7EBB40F48D33E
:10BA6000B8EB341F34BF4C464FF4B77422449645AC
:10BA700000F101000FD35FFA80FC0CF2B27313F0F7
:10BA8000030506FB03F4E8D040F26D14224496450A
:10BA900000F10100EFD2304E0CF1460CA6FB03067C
:10BAA00081F806C0770995B36420F60900FB1737C3
:10BAB0004FF4C87000FB163640F26D10AEEB020E6C
:10BAC00070440122DFF894E000230AE013F80E40EE
:10BAD000844211D80C2AA0EB04000ED001320133AD
:10BAE000D2B2012B5FFA83FCF0D15DB9DFB11D2426
:10BAF00009E04FF4B774B9E7624601304A71087142
:10BB0000BDE8F0831C24A04217D3001BE6E76420A5
:10BB100000FB1737F6094FF4C87000FB16363FB12B
:10BB20004FF4B770CAE7002E14BF1C241D24EAE7A7
:10BB3000002EC1D14FF4B770C0E70122DDE700BF8E
:10BB400089888888ABAAAAAA25499224295C8FC231
:10BB5000285C8F020AD7A3001F85EB5100860100E5
:10BB6000F8B50026044606604660866029B108469E
:10BB70000D4606F085F9074608B92046F8BD0130A4
:10BB800004F096FA0028F8D0C4E900070670A76010
:10BB9000294606F083F82046F8BD00BFF8B5884274
:10BBA0004FF00005044605604560856002D08E6850
:10BBB0000F680EB92046F8BD701C04F079FA002811
:10BBC000F8D0C4E900060570A660394606F066F8AC
:10BBD0002046F8BD10B50446006804F071FA20460E
:10BBE00010BD00BFF8B50446154632B9036803B16D
:10BBF0001A700023A3602046F8BD43689A420E469F
:10BC00001CD90068511C04F01FFD074660B1A368F1
:10BC1000206065600BB903702768A560314638461F
:10BC200006F03CF82046F8BD206810B104F048FA50
:10BC3000276000236360A3602046F8BD0768A56005
:10BC40003146384606F02AF8ECE700BF10B500236D
:10BC500082B003604360836004460A22084601A95B
:10BC600005F0D4F801A806F00BF901A90246204618
:10BC7000FFF7B8FF204602B010BD00BF10B500238B
:10BC80008AB00360436083600446084601A904F05B
:10BC9000F9F901A806F0F4F801A902462046FFF7D9
:10BCA000A1FF20460AB010BD10B500238AB0036082
:10BCB000436083600446084601A900F03FFA01A8EA
:10BCC00006F0DEF801A902462046FFF78BFF20466A
:10BCD0000AB010BD10B500238AB0036043608360D2
:10BCE0000446084601A900F0FBF901A806F0C8F8CF
:10BCF00001A902462046FFF775FF20460AB010BD95
:10BD000030B5044600238BB0084623606360A3600F
:10BD1000911C6B4600F020FA054648B106F0B0F8D9
:10BD2000294602462046FFF75DFF20460BB030BD96
:10BD3000A06020460BB030BD814203D08A680968FC
:10BD4000FFF750BF704700BF2DE9F8430446006875
:10BD5000A36888420D46164609D8C218914206D2F9
:10BD60000F1A4FF0010936B92046BDE8F8834FF0AD
:10BD70000009002EF8D0626803EB060890450CD944
:10BD800008F1010104F060FC0028EDD0A368C4E9CB
:10BD9000000813B903702068A368B9F1000F08D137
:10BDA0002946184405F07AFFC4F808802046BDE80B
:10BDB000F8833246C119184400F03EF82368002287
:10BDC00003F80820F0E700BF10B58A680968044648
:10BDD000FFF7BAFF204610BD38B5054641B1084609
:10BDE0000C4606F04DF8214602462846FFF7ACFF08
:10BDF000284638BDBAB138B50C4621B185689D4298
:10BE000002D800230B7038BDED1A02F1FF3C016827
:10BE1000654528BF654619442A46204605F0F6FACE
:10BE20000023635538BD704708B5F6F76DF8F7F78E
:10BE3000A9F902F0DFFFFAE701B441EA000313F0C9
:10BE400003036FD1403A41D351F8043B40F8043B1F
:10BE500051F8043B40F8043B51F8043B40F8043BE4
:10BE600051F8043B40F8043B51F8043B40F8043BD4
:10BE700051F8043B40F8043B51F8043B40F8043BC4
:10BE800051F8043B40F8043B51F8043B40F8043BB4
:10BE900051F8043B40F8043B51F8043B40F8043BA4
:10BEA00051F8043B40F8043B51F8043B40F8043B94
:10BEB00051F8043B40F8043B51F8043B40F8043B84
:10BEC00051F8043B40F8043B403ABDD2303211D324
:10BED00051F8043B40F8043B51F8043B40F8043B64
:10BEE00051F8043B40F8043B51F8043B40F8043B54
:10BEF000103AEDD20C3205D351F8043B40F8043B24
:10BF0000043AF9D204320AD0D2071CBF11F8013B1F
:10BF100000F8013B03D30B7803704B78437001BCEE
:10BF2000704700BF0C2A4AD310F0030311D0C3F1AD
:10BF30000403D21ADB071CBF11F8013B00F8013BD8
:10BF400007D311F8013B00F8013B11F8013B00F861
:10BF5000013B11F003033FF475AF30B4043AC91A42
:10BF6000C3F1040C51F8044B022B19D0032B0BD056
:10BF7000240A51F8043B1D0644EA050440F8044B2A
:10BF80001C46043AF4D216E0240E51F8043B1D027C
:10BF900044EA050440F8044B1C46043AF4D20AE093
:10BFA000240C51F8043B1D0444EA050440F8044BFA
:10BFB0001C46043AF4D20432B1EB0C0130BC043A12
:10BFC000A0D3013A11F8013B00F8013BF9D20B78FC
:10BFD00003704B7843708B78837001BC704700BF4F
:10BFE00008B50F4C636B58030DD4636B59050FD420
:10BFF000636B1A0511D4636BDB04F3D501F0AAFF60
:10C00000636B5803F1D502F027F9636B5905EFD53F
:10C0100000F044FF636B1A05EDD501F0F7FBEAE78A
:10C020000080044008B5FFF7DBFF00BF014B102282
:10C030001A80704700200540704700BF094A08B5C4
:10C040000346106833B169460344A1F580518B4221
:10C0500001D2136008BD05F09FFC0C2303604FF074
:10C06000FF3008BD0088FF1F002070474FF0FF30F1
:10C07000704700BF4FF400534B600020704700BF73
:10C08000012070474FF0FF30704700BFFEE700BF50
:10C09000FEE7FFFFEFF31383CBB9EFF31080A0B9F6
:10C0A000EFF3058343B94FF48070EFF311835BB175
:10C0B000984228BF184670470F2BF6D9054AD05C26
:10C0C000EFF31183002BF3D17047184670474FF000
:10C0D000FF307047F0E300E003F0EABF03F0F0BF89
:10C0E00001F1FF3C70B56546002401E07046013463
:10C0F000B0FBF2FE02FB1E03092B03F130068ABFE0
:10C100003733F3B2DBB2904205F8013FEED2631C45
:10C110000022CA54C8187CB162461CF8015F10F8AE
:10C1200001ED8CF800E0A1EB0C030232013B521A46
:10C1300023449A420570EFDB084670BD031E01DB05
:10C14000FFF7CEBF10B52D200C4601F8010B584269
:10C15000FFF7C6FF204610BD2DE9F04F894685B098
:10C160000146044690461F4603F040FF89EAE976FF
:10C17000A6EBE976002840F0458124F00045B64959
:10C18000284603F033FF78BBB349284603F010FF7D
:10C1900050BB0021204603F001FF002840F0EC8056
:10C1A000032E6FDD0325B9F1000FA6EB050562DB59
:10C1B0000021204603F0F2FE002840F078814E2353
:10C1C000492146227B703970FB1CBA7035B1184684
:10C1D0002A46202104F0CEFF03462B4400221846B5
:10C1E0001A7005B0BDE8F08F02AB01AA41462046A7
:10C1F00005F09AFBDDF804B058EA0B034646054605
:10C2000051D101230278954D01939B46944BDA4618
:10C21000342A88BF1D46029B002B5DD00AF1010A1B
:10C22000A9EB0A04002C07EB0A0640F3A180224682
:10C230002021384604F09EFF264407EB040C2D23F2
:10C24000BBF1000F0CF8013B57D061DAB8F1000FD9
:10C250005ED06346302103F8021BCBF1000B2E2287
:10C260008CF8012018465A4604F084FF002300EBA6
:10C270000B0C01934CE02DB138462A46202104F0E6
:10C2800079FF2F440021204603F088FE002800F0AB
:10C29000DB804E232D2049214622BB7038707970F7
:10C2A0003B1DFA709AE7CBF10003984580F2A68017
:10C2B000C8F1000B4FF0010A684DCDF804B05046AC
:10C2C000D345B8BF0AF1010ABBF1000F68D1029B48
:10C2D0000AF1010A002BA1D1A9EB0A04002C07EBFB
:10C2E0000A0647DD22462021384604F043FF264453
:10C2F00007EB040CBBF1000FA7D1B8F1000F07D07A
:10C300006346302203F8022B2E228CF801209C4633
:10C31000B44522D2634615F8012B03F8012BB34232
:10C320001CD0019A2E20013A0EE08CF801000CF18D
:10C33000020CB445634602F1FF320ED215F8011B20
:10C3400003F8011BB34209D00192002AEDD09C46AC
:10C35000B445634602F1FF32F0D36646B9F1000FEF
:10C360000EDB002333703B46184605B0BDE8F08F66
:10C37000BC4664E7BC46BDE7042E8ADD042512E70F
:10C38000CA44BAF1000F6FEA0A04EADA24EAE47454
:10C39000013430462246202104F0ECFE2644E0E73A
:10C3A000BFF639AFB8F1000F3FF435AF0BEB080320
:10C3B000984208F1020A7FF62EAFB8F1000F07DDB0
:10C3C000284D2046294603F04BFC013E0446F8D197
:10C3D00002AB03AA3146204605F0A6FADDF804B008
:10C3E000039B08F10102A3EB0B03934208BF0BF17F
:10C3F000010B054608BFCDF804B00CE705F040FD81
:10C4000082465DE70021204603F0C8FD002814BFE6
:10C4100004250325B5422EDAB9F1000FA6EB050578
:10C4200022DB4FF07E53204663F31E00002103F011
:10C43000B5FDC0BB4E2241237B703A70FB1CBA7025
:10C44000002D7FF4C4AEC9E64E23492146227B70FD
:10C450003970FB1CBA70C1E6FFFF7F7F0C860100BC
:10C4600010860100000020412DB138462A462021C7
:10C4700004F080FE2F444FF07E53204663F31E00ED
:10C48000002103F08BFD4E2238B141232D21BB70DA
:10C4900039707A703B1DFA70A0E641237B703A70C8
:10C4A000FB1CBA709AE62D2307F8013BC2E72D2347
:10C4B00007F8013B83E600BF014B1868704700BFD7
:10C4C00000D00340034B002210215A615A601860CB
:10C4D0005961704700D00340704700BFF0B54FF07E
:10C4E000E0244FF400054FF0807CC4F80851C4F8F4
:10C4F00008C14FF0007CC4F808C11D4A1D481E4900
:10C500004FF0806CC4F808C1282300274BF6FF7653
:10C5100009254FF0006CC4F808C183B057609660DD
:10C52000D3605361D3615362D3625363D363536463
:10C53000156047608660C360436105604F608E6030
:10C54000CB604B610D6002F0F5FCFFF7C5FF0B4CB3
:10C5500023680093009B132BFAD902F037FA236863
:10C560000193019BB3F5967FF9D303B0F0BD00BFF3
:10C57000008003400090034000800B408C97FF1F19
:10C58000212816D810B4104B53F8302092F880426E
:10C590002CB1012371B982F8003110BC704703EB54
:10C5A000C0035B681A6849B142F0030210BC1A600C
:10C5B0007047704782F8803010BC704722F002024A
:10C5C00010BC1A60704700BF14860100212806D8ED
:10C5D000044B53F8303093F80002C0B2704700208B
:10C5E000704700BF14860100212820D81B4A02EBA7
:10C5F000C00301295B680FD004291DD052F8300018
:10C60000002280F8802299B1022922D003290DD17D
:10C610004FF481721A60704752F830004FF4A272E2
:10C6200080F880121A601A6822F020021A6070479F
:10C630004FF480721A60704752F830104FF4A272B3
:10C64000012081F880021A601A6842F020021A6004
:10C65000704740F203121A60704700BF1486010051
:10C660002DE9F843044672B6204F4FF0E02293695B
:10C670003D68D2F8042D62B6520102D5322B88BF34
:10C6800001350CB9BDE8F883DFF86490DFF8648009
:10C69000A9EB0303A8FB03234FF47A7202FB05F511
:10C6A00005EB93154FF0E02672B6B1693A68D6F8FB
:10C6B00004CD62B6A9EB0103A8FB03031CF0806F55
:10C6C000C5EB93134FF47A7002D0322988BF013240
:10C6D00000FB0233B3F57A7F04D3013CD2D005F5D9
:10C6E0007A75E1E702F086FBDEE700BF8C97FF1F5B
:10C6F000FF760100ABAAAAAA2DE9F84F314B1B68BF
:10C7000007460BB101221A70DFF8BC90DFF8BC803D
:10C7100099F80040D8F800302D4D01349C422B7818
:10C720002AD303F0FF0A002B3ED15446294EDFF8EE
:10C73000A8B005E033791B0623D42B78A3420AD195
:10C74000FFF7A8FC4028F5DDFF28F6DD02F052FBDC
:10C750002B78A342F4D03F2C29D9204B403C1B68B6
:10C76000FFB21F551E4A1B4B01211170BC2289F8D4
:10C7700000A0DA70BDE8F88F9C425FFA84FAD5D049
:10C78000E9E72B78D8F800105A1C8A42DBB203D2B2
:10C790003F2A10D8D1B201E000210A461BF802302E
:10C7A000DBB2F3712970C8E74FF0000A54460A4B18
:10C7B000FFB21F55D6E7D1B2084A3F3B1268D35C9F
:10C7C000DBB2EEE7E097FF1F2898FF1F1088FF1FDE
:10C7D0003098FF1F00A00640E897FF1F2C98FF1F0E
:10C7E000E497FF1F2A4A2B49536B70B443F48063CC
:10C7F000294D536300232B70284E0B70284C294978
:10C80000237032780B7028490B709AB3152A03D124
:10C81000264B40F213329A61254B1B78012B31D005
:10C82000052B03D1214B4FF45172DA612028214BA3
:10C83000214C38BF2020C0F3443C83F800C0C0F333
:10C84000471C00F01F0083F801C0042298720220E8
:10C850009A70D87488205A754FF0E02118744022DD
:10C860003C20D87084F82D204FF4005370BCC1F8E0
:10C8700004317047114B40F213321A640C4B1B7891
:10C88000012BCDD10D4B4FF451725A64CEE700BF4E
:10C8900000800440DC97FF1FD497FF1FDD97FF1F28
:10C8A0002898FF1F3098FF1FE497FF1F00C0044027
:10C8B0001488FF1F00A0064000E400E000A0044030
:10C8C000294B29499B7800F0030203F0EC03134342
:10C8D000420700F00F0248BF43F01003042A8B7098
:10C8E00003D18B7943F040038B711F4B5A79C306F8
:10C8F00002F0EF021C4B48BF42F010025A719A79C5
:10C90000810602F0EF0211D542F0100281059A7102
:10C910000FD59A78154942F0A0029A700978144B05
:10C9200003EBC10340F246325B6814E09A71820562
:10C9300005D4104B104A1968914211D070479A786B
:10C940000A4942F0A0029A700978094B03EBC1032F
:10C9500040F247325B68074907481A600860704731
:10C9600000221A60704700BF00A006401488FF1F15
:10C9700014860100E097FF1FD400D442284B5B6B64
:10C980005B054CD510B5274C237823B102F032FA61
:10C990002378002BFAD1244A244B4FF0E0204FF4A7
:10C9A00000540021C0F88441D1701B7863B3152B6B
:10C9B0001BD01F4B1B7803F07F03012B1FD0052BCF
:10C9C0000ED01C4B184A1C4C1C48196892F804C025
:10C9D000D27900232370037009B101230B7010BDBD
:10C9E000174B40F20312DA61EBE7154B40F20312EA
:10C9F0009A610F4B1B7803F07F03012BDFD1114BA2
:10CA000040F203125A64DCE70E4B40F203121A6440
:10CA1000074B1B7803F07F03012BD0D1EFE7704762
:10CA200000800440E497FF1F00A00640DD97FF1F31
:10CA30001488FF1F9097FF1FD497FF1FDC97FF1FDD
:10CA400000C0044000A004400A4A38B505461378E7
:10CA500003F0FF04002BFAD101212846FFF7C4FDA3
:10CA600021462846FFF78CFD034A044B52F8352037
:10CA70001A6038BDE497FF1F14860100E097FF1F7E
:10CA800009B140F08000194A1378834217D010B4DE
:10CA9000174C646B64050FD503F07F03012B21D085
:10CAA000052B14D0002900F07F0314BF602144211E
:10CAB000012B10D0052B03D0107010BC70477047AD
:10CAC0000C4B41F44071D961107010BC7047094B98
:10CAD0000024DC61E6E7084B41F4407159641070B2
:10CAE00010BC7047044B00245C64DBE71488FF1F14
:10CAF0000080044000C0044000A00440104A1378A5
:10CB000083420AD00F49496B490505D5ABB1152BB6
:10CB100009D068B1152801D0107070470A4B40F257
:10CB200013319961F8E7084B002199610028F1D190
:10CB3000064B40F213311964EEE704490B64E8E751
:10CB4000DD97FF1F0080044000C0044000A00440A7
:10CB50000D4B5B6B13F4806313D0212803D90B4B6F
:10CB60000020186070470A4B10B5084C53F830305D
:10CB700023600121FFF738FD236800221A7001208D
:10CB800010BD1846704700BF008004409097FF1FFB
:10CB900014860100104B5B6B13F4806312D01228D3
:10CBA0000BD0142810D10D4B40F202325A610C4ABE
:10CBB000537B01200343537370470A4B40F2023208
:10CBC000DA60F4E718467047054A537B03F0FE032A
:10CBD00000205373704700BF0080044000C0044031
:10CBE00000A0064000A00440034B5B6B5B0501D531
:10CBF000FFF782BD704700BF008004402DE9F84F69
:10CC0000394B5B6B5A053CD5384B1B680BB1012285
:10CC10001A704718B84231D2354EDFF8D880364CFA
:10CC2000DFF8D89000F1010A13E003F0FF0B53B3D3
:10CC30004FF0000B5D46324A1AF8013C53555246FC
:10CC400030490123BA420B700AF1010A86F800B09C
:10CC500014D23578D8F800300135AB422378E4D9C6
:10CC6000AB425FFA85FB0FD03F2DE4D9264B1AF873
:10CC7000012C1B68403D5A555246E1E71F4BBC2230
:10CC8000DA70BDE8F88F5D466FF0430389F8033032
:10CC900006E099F804301B060BD42378AB42E3D1AD
:10CCA000FFF7F8F94028F4DDFF28F6DD02F0A2F8DE
:10CCB000F3E72378D8F800105A1C9142DBB203D96D
:10CCC0003F2A0AD8D1B201E000210A460C4B9B5CF6
:10CCD000DBB289F807302170DFE7D1B20A4A3F3B67
:10CCE0001268D35CDBB2F4E700800440E097FF1FDA
:10CCF0002898FF1F1088FF1F3098FF1F00A00640D4
:10CD0000E897FF1FE497FF1F2C98FF1F10B5044CF6
:10CD1000237823B102F06EF82378002BFAD110BDEE
:10CD2000E497FF1F084A094B11781A789142C8B25C
:10CD3000D3B202D2013B181A7047054A1268013A71
:10CD40001344181A704700BF2898FF1F3098FF1F20
:10CD50001088FF1F064A074B11781A789142D0B20B
:10CD60003CBF054A1268CBB238BF9B18181A7047EF
:10CD7000D497FF1FDC97FF1F0C88FF1F1B4B1C491C
:10CD80001A780B789A422ED010B55FFA82FE194AB3
:10CD9000D8B21268431C9A4219D93F2B1BD85FFAAC
:10CDA00083FC1548C05CC0B281F800C01349096813
:10CDB00061B19E453CBF7244D31A114A126828BF24
:10CDC000AEEB03039A4201D300230B7010BD4FF06A
:10CDD000000C6346E5E70B4C3F382468205C5FFAA3
:10CDE00083FCC0B2E0E74FF0FF307047D497FF1FDD
:10CDF000DC97FF1F0C88FF1F9497FF1F9097FF1F62
:10CE00000888FF1FD897FF1F0D4A0E4B11781B781B
:10CE10009942DAB211D00C490968531C994207D9DA
:10CE20003F2B06D9094B3F3A1B68985CC0B270474C
:10CE30000023074AD05CC0B270474FF0FF30704704
:10CE4000D497FF1FDC97FF1F0C88FF1FD897FF1F89
:10CE50009497FF1F0C4B5B6B5B0514D50B4B0C4879
:10CE6000DA78402102F0CB02DA705974DA78094995
:10CE700042F03402DA70084A03781268DBB20B70B1
:10CE80000AB10023137070470080044000A00640E0
:10CE9000DC97FF1FD497FF1F9097FF1F2DE9F041EC
:10CEA000504C237913F0300F47D072B6A37D03F0B6
:10CEB000FF01002B58D062B6DFF82C814B4898F860
:10CEC00000304B4A057816684A4F5FFA83FC4A4B9C
:10CED000EDB2D3F800E008E01DB14FF0000C07F808
:10CEE0000C304A1E12F0FF0112D0E3790CF101025E
:10CEF0009642DBB2F0D99542ACF13F00F1D03F2A27
:10CF00006DD994464A1E12F0FF010EF80030ECD1A4
:10CF10005FFA8CF388F80030384B196869B1AC457A
:10CF20003CBF721B02EB0C03354A126828BFACEB06
:10CF300005039A429CBF01230B702A48C3781E0642
:10CF4000DDB216D46A060DD5264B1B795B0609D5D2
:10CF50002C4B2D491B6800220A7003B11A70214B1B
:10CF60003C22DA70BDE8F0814023E279637462B656
:10CF7000E3E703791C06E5D5244B254ADFF894E066
:10CF80001C7816689EF80030234A244FD2F800C05F
:10CF9000E4B2DBB207E003790023FA5CD2B2C271DB
:10CFA000027D072A11D8A34203F101010ED08E425F
:10CFB000F1D93F290279A3F13F0301D80B46ECE7F1
:10CFC0001CF803200B46D2B2E9E7DCB2054B8EF821
:10CFD00000401A79110644BF7C22DA70B2E7944609
:10CFE0007DE700BF00A00640D497FF1FDC97FF1F1E
:10CFF0000C88FF1F9497FF1FD897FF1F9097FF1F64
:10D000000488FF1FE097FF1FE497FF1F2898FF1F6A
:10D010001088FF1F3098FF1F2C98FF1FE897FF1FF5
:10D02000094B10B4186060B101F14004074B084887
:10D0300001F11A021A60074B0460283110BC196014
:10D0400070474024F2E700BFD897FF1F0888FF1FF2
:10D050000C88FF1F0488FF1F054B186018B1054B93
:10D06000403119607047034B40211960704700BF81
:10D070002C98FF1F1088FF1F2A4A2B49536B70B44E
:10D0800043F40063294D5363294E2A4C3278002320
:10D090002B700B70284923700B702849092A0B70DC
:10D0A00033D01A2A03D1264B40F213325A60254B53
:10D0B0001B780A2B31D01F2B03D1214B4FF4517217
:10D0C0001A602028204B214C38BF2020C0F3443C5C
:10D0D00083F800C0C0F3471C00F01F0083F801C0B4
:10D0E0000422987202209A70D87488205A754FF0E2
:10D0F000E021187440223C20D87084F82F204FF48F
:10D10000004370BCC1F804317047114B40F2133238
:10D11000DA600C4B1B780A2BCDD10D4B4FF45172BA
:10D120001A61CEE7008004408098FF1F7898FF1FA7
:10D130002488FF1FB498FF1FBC98FF1F8898FF1F0B
:10D1400000D004402C88FF1F00B0064000E400E03F
:10D1500000B00440294B29499B7800F0030203F0FA
:10D16000EC031343420700F00F0248BF43F01003E3
:10D17000042A8B7003D18B7943F040038B711F4BD2
:10D180005A79C30602F0EF021C4B48BF42F010026E
:10D190005A719A79810602F0EF0211D542F010021D
:10D1A00081059A710FD59A78154942F0A0029A70BC
:10D1B0000978144B03EBC10340F246325B6814E07C
:10D1C0009A71820505D4104B104A1968914211D00A
:10D1D00070479A780A4942F0A0029A700978094B80
:10D1E00003EBC10340F247325B68074907481A6006
:10D1F0000860704700221A60704700BF00B0064008
:10D200002C88FF1F148601008498FF1FD400D6428B
:10D21000294B5B6B1B054DD510B5284C237823B1EA
:10D2200001F0E8FD2378002BFAD1254A254B4FF079
:10D23000E0204FF400440021C0F88441D1701B78F5
:10D24000092B2CD01A2B1BD01F4B1B7803F07F030C
:10D250000A2B1FD01F2B0ED01C4B194A1C4C1D48EB
:10D26000196892F804C0D27900232370037009B1C1
:10D2700001230B7010BD184B40F203121A60EBE74C
:10D28000154B40F203125A600F4B1B7803F07F03DB
:10D290000A2BDFD1114B40F203121A61DCE70F4B6E
:10D2A00040F20312DA60084B1B7803F07F030A2B6D
:10D2B000D0D1EFE7704700BF008004408898FF1F7F
:10D2C00000B006402488FF1F2C88FF1F3498FF1FE2
:10D2D0007898FF1F8098FF1F00D0044000B00440E2
:10D2E0000A4A38B50546137803F0FF04002BFAD13B
:10D2F00001212846FFF778F921462846FFF740F933
:10D30000034A044B52F835201A6038BD8898FF1F35
:10D31000148601008498FF1F09B140F08000194A6B
:10D320001378834217D010B4174C646B24050FD5C3
:10D3300003F07F030A2B21D01F2B14D0002900F00B
:10D340007F0314BF602144210A2B10D01F2B03D070
:10D35000107010BC704770470C4B41F4407119605D
:10D36000107010BC7047094B00241C60E6E7084BA6
:10D3700041F440711961107010BC7047044B0024D7
:10D380001C61DBE72C88FF1F0080044000D00440B4
:10D3900000B00440124B1A7882420CD01149496BFC
:10D3A000090507D5092A16D01A2A0AD009280DD04E
:10D3B0001A2801D0187070470B4A40F2133151609F
:10D3C000F8E7094A002109285160F1D1074A40F2E3
:10D3D0001331D160EEE7054A0021D160E6E700BFD6
:10D3E0002488FF1F0080044000D0044000B00440A7
:10D3F0000D4B5B6B13F4006313D0212803D90B4B47
:10D400000020186070470A4B10B5084C53F83030B4
:10D4100023600121FFF7E8F8236800221A70012039
:10D4200010BD1846704700BF008004403498FF1FAD
:10D43000148601000C4B5B6B13F4006312D01728A9
:10D4400009D10A4B0A4A40F202319960537B01200C
:10D45000034353737047064A537B03F0FE030020D7
:10D4600053737047184670470080044000B0044072
:10D4700000B006402DE9F84F334B5B6B1A053AD5E7
:10D48000324B1B6806460BB101221A70DFF8C090C0
:10D49000DFF8C08099F80040D8F800302E4D0134F4
:10D4A000A3422B7829D99C425FFA84FA14D12B4FDE
:10D4B000DFF8ACB005E03B791B0623D42B78A34200
:10D4C0000AD1FEF7E7FD4028F5DDFF28F6DD01F083
:10D4D00091FC2B78A342F4D0272C29D9214B283C4E
:10D4E0001B68F6B21E55204A1C4B01211170BC224C
:10D4F00089F800A0DA70BDE8F88F03F0FF0AA3B93D
:10D500005446D4E72B78D8F800105A1C9142DBB26D
:10D5100008D9272A10D8D1B21BF80230DBB2FB7130
:10D520002970CBE700210A46F6E74FF0000A54467F
:10D530000B4BF6B21E55D6E7D1B20A4A273B12680A
:10D54000D35CDBB2EBE700BF008004408498FF1F90
:10D55000B498FF1F2888FF1FBC98FF1F00B006402B
:10D560008C98FF1FB898FF1F8898FF1F2DE9F84F70
:10D57000394B5B6B1A053CD5384B1B680BB101224C
:10D580001A704718B84231D2354EDFF8D880364C81
:10D59000DFF8D89000F1010A13E003F0FF0B53B35A
:10D5A0004FF0000B5D46324A1AF8013C5355524683
:10D5B00030490123BA420B700AF1010A86F800B023
:10D5C00014D23578D8F800300135AB422378E4D94D
:10D5D000AB425FFA85FB0FD0272DE4D9264B1AF812
:10D5E000012C1B68283D5A555246E1E71F4BBC22CF
:10D5F000DA70BDE8F88F5D466FF0430389F80330B9
:10D6000006E099F804301B060BD42378AB42E3D133
:10D61000FEF740FD4028F4DDFF28F6DD01F0EAFBCF
:10D62000F3E72378D8F800105A1C9142DBB203D9F3
:10D63000272A0AD8D1B201E000210A460C4B9B5C94
:10D64000DBB289F807302170DFE7D1B20A4A273B05
:10D650001268D35CDBB2F4E7008004408498FF1FBB
:10D66000B498FF1F2888FF1FBC98FF1F00B006401A
:10D670008C98FF1F8898FF1FB898FF1F10B5044CA7
:10D68000237823B101F0B6FB2378002BFAD110BD2B
:10D690008898FF1F084A094B11781A789142C8B23E
:10D6A000D3B202D2013B181A7047054A1268013AF8
:10D6B0001344181A704700BFB498FF1FBC98FF1F8F
:10D6C0002888FF1F064A074B11781A789142D0B27A
:10D6D0003CBF054A1268CBB238BF9B18181A704776
:10D6E0007898FF1F8098FF1F2088FF1F1B4B1C4945
:10D6F0001A780B789A422ED010B55FFA82FE194A3A
:10D70000D8B21268431C9A4219D93F2B1BD85FFA32
:10D7100083FC1548C05CC0B281F800C01349096899
:10D7200061B19E453CBF7244D31A114A126828BFAA
:10D73000AEEB03039A4201D300230B7010BD4FF0F0
:10D74000000C6346E5E70B4C3F382468205C5FFA29
:10D7500083FCC0B2E0E74FF0FF3070477898FF1FBE
:10D760008098FF1F2088FF1F3898FF1F3498FF1FE5
:10D770001C88FF1F7C98FF1F0D4A0E4B11781B78E9
:10D780009942DAB211D00C490968531C994207D961
:10D790003F2B06D9094B3F3A1B68985CC0B27047D3
:10D7A0000023074AD05CC0B270474FF0FF3070478B
:10D7B0007898FF1F8098FF1F2088FF1F7C98FF1F0D
:10D7C0003898FF1F0C4B5B6B1B0514D50B4B0C489B
:10D7D000DA78402102F0CB02DA705974DA7809491C
:10D7E00042F03402DA70084A03781268DBB20B7038
:10D7F0000AB10023137070470080044000B0064057
:10D800008098FF1F7898FF1F3498FF1F2DE9F04183
:10D81000504C237913F0300F47D072B6A37D03F03C
:10D82000FF01002B58D062B6DFF82C814B4898F8E6
:10D8300000304B4A057816684A4F5FFA83FC4A4B22
:10D84000EDB2D3F800E008E01DB14FF0000C07F88E
:10D850000C304A1E12F0FF0112D0E3790CF10102E4
:10D860009642DBB2F0D99542ACF13F00F1D03F2AAD
:10D870006DD994464A1E12F0FF010EF80030ECD12B
:10D880005FFA8CF388F80030384B196869B1AC4501
:10D890003CBF721B02EB0C03354A126828BFACEB8D
:10D8A00005039A429CBF01230B702A48C3781E06C9
:10D8B000DDB216D46A060DD5264B1B795B0609D559
:10D8C0002C4B2D491B6800220A7003B11A70214BA2
:10D8D0003C22DA70BDE8F0814023E279637462B6DD
:10D8E000E3E703791C06E5D5244B254ADFF894E0ED
:10D8F0001C7816689EF80030234A244FD2F800C0E6
:10D90000E4B2DBB207E003790023FA5CD2B2C27161
:10D91000027D072A11D8A34203F101010ED08E42E5
:10D92000F1D927290279A3F1270301D80B46ECE7A7
:10D930001CF803200B46D2B2E9E7DCB2054B8EF8A7
:10D9400000401A79110644BF7C22DA70B2E794468F
:10D950007DE700BF00B006407898FF1F8098FF1F4A
:10D960002088FF1F3898FF1F7C98FF1F3498FF1FE7
:10D970001888FF1F8498FF1F8898FF1FB498FF1F07
:10D980002888FF1FBC98FF1FB898FF1F8C98FF1FA7
:10D99000094B10B4186060B101F14004074B08480E
:10D9A00001F11A021A60074B0460283110BC19609B
:10D9B00070474024F2E700BF7C98FF1F1C88FF1FC0
:10D9C0002088FF1F1888FF1F054B186018B1054BF2
:10D9D000283119607047034B28211960704700BF38
:10D9E000B898FF1F2888FF1F2DE9F84F314B1B689F
:10D9F00007460BB101221A70DFF8BC90DFF8BC803B
:10DA000099F80040D8F800302D4D01349C422B7815
:10DA10002AD303F0FF0A002B3ED15446294EDFF8EB
:10DA2000A8B005E033791B0623D42B78A3420AD192
:10DA3000FEF730FB4028F5DDFF28F6DD01F0DAF9CE
:10DA40002B78A342F4D0272C29D9204B283C1B68E3
:10DA5000FFB21F551E4A1B4B01211170AC2289F8E1
:10DA600000A0DA70BDE8F88F9C425FFA84FAD5D046
:10DA7000E9E72B78D8F800105A1C8A42DBB203D2AF
:10DA8000272A10D8D1B201E000210A461BF8023043
:10DA9000DBB2F3712970C8E74FF0000A54460A4B15
:10DAA000FFB21F55D6E7D1B2084A273B1268D35CB4
:10DAB000DBB2EEE71099FF1F4099FF1F3C88FF1F64
:10DAC0004899FF1F00C006401899FF1F4499FF1F87
:10DAD0001499FF1F1D4A1E49536B2DE9F04343F46F
:10DAE00080531C4DDFF87080DFF870901C4F1D4E86
:10DAF0005363002388F80030202889F800303B70F9
:10DB000033702B7040F213358D6002F5103238BF40
:10DB100020204FF45175CD60C0F344311170C0F333
:10DB2000471E114C82F801E000F01F002C2190727A
:10DB30004FF0E02C93701374D17040224FF40033F7
:10DB400084F83120CCF80431BDE8F0830080044033
:10DB500000C004401499FF1F0499FF1F0C99FF1F78
:10DB60004099FF1F4899FF1F00E400E0294B294915
:10DB70009B7800F0030203F0EC031343420700F02C
:10DB80000F0248BF43F01003042A8B7003D18B7936
:10DB900043F040038B711F4B5A79C30602F0EF022A
:10DBA0001C4B48BF42F010025A719A79810602F06C
:10DBB000EF0211D542F0100281059A710FD59A78C3
:10DBC000154942F0A0029A700978144B03EBC10387
:10DBD00040F246325B6814E09A71820505D4104B1E
:10DBE000104A1968914211D070479A780A4942F058
:10DBF000A0029A700978094B03EBC10340F2473247
:10DC00005B68074907481A600860704700221A607D
:10DC1000704700BF00C006404088FF1F1486010007
:10DC20001099FF1FD400D84238B5134B5B6BDB044F
:10DC300020D5124C237823B101F0DCF82378002B97
:10DC4000FAD10F4A0F494FF0E024002340F20310AD
:10DC50004FF40035C4F88451D3708860C8600A4915
:10DC60000A4C0B4809681579D2792370037009B101
:10DC700001230B7038BD00BF008004401499FF1FC2
:10DC800000C0064000C00440C098FF1F0499FF1F59
:10DC90000C99FF1F0A4A38B50546137803F0FF04B4
:10DCA000002BFAD101212846FEF79EFC214628468A
:10DCB000FEF766FC034A044B52F835201A6038BD63
:10DCC0001499FF1F148601001099FF1F09B140F03D
:10DCD0008000114A1378834216D010B40F4C646B45
:10DCE000E4040ED503F07F03082B02D10C4B002473
:10DCF000DC60002900F07F0314BF60214421082B61
:10DD000003D0107010BC70477047054B41F4407150
:10DD1000D960107010BC70474088FF1F008004401D
:10DD200000C00440704700BF0D4B5B6B13F4805381
:10DD300013D0212803D90B4B0020186070470A4BE1
:10DD400010B5084C53F8303023600121FEF74CFC2D
:10DD5000236800221A70012010BD1846704700BFCA
:10DD600000800440C098FF1F148601000C4B5B6BC1
:10DD700013F4805312D00E2809D10A4B0A4A40F2FC
:10DD800002315960537B0120034353737047064AA5
:10DD9000537B03F0FE03002053737047184670470F
:10DDA0000080044000C0044000C00640034B5B6B91
:10DDB000DB0401D5FFF718BE704700BF00800440A8
:10DDC00079B170B5074E04464518736BDB0404F156
:10DDD000010403D514F8010CFFF706FEAC42F4D1A0
:10DDE00070BD70470080044010B5044C237823B107
:10DDF00001F000F82378002BFAD110BD1499FF1F11
:10DE0000084A094B11781A789142C8B2D3B202D2AB
:10DE1000013B181A7047054A1268013A1344181A50
:10DE2000704700BF4099FF1F4899FF1F3C88FF1FA4
:10DE3000064A074B11781A789142D0B23CBF054A86
:10DE40001268CBB238BF9B18181A70470499FF1F8D
:10DE50000C99FF1F3888FF1F1B4B1C491A780B7841
:10DE60009A422ED010B55FFA82FE194AD8B21268D3
:10DE7000431C9A4219D93F2B1BD85FFA83FC1548E3
:10DE8000C05CC0B281F800C01349096861B19E4509
:10DE90003CBF7244D31A114A126828BFAEEB030389
:10DEA0009A4201D300230B7010BD4FF0000C634663
:10DEB000E5E70B4C3F382468205C5FFA83FCC0B276
:10DEC000E0E74FF0FF3070470499FF1F0C99FF1FE8
:10DED0003888FF1FC498FF1FC098FF1F3488FF1F9A
:10DEE0000899FF1F0D4A0E4B11781B789942DAB240
:10DEF00011D00C490968531C994207D93F2B06D908
:10DF0000094B3F3A1B68985CC0B270470023074A30
:10DF1000D05CC0B270474FF0FF3070470499FF1FCC
:10DF20000C99FF1F3888FF1F0899FF1FC498FF1F17
:10DF3000054B064A1B7806491268DBB20B700AB122
:10DF400000231370704700BF0C99FF1FC098FF1F7C
:10DF50000499FF1F30B43A4B1A79950624D5394DF0
:10DF60003949DB792A780C68D8B2531C9C42D2B26A
:10DF700031D8364B1A7802F0FF0322B10022134643
:10DF80003349C8542A703349096869B1324A107854
:10DF90009842C2B28ABFA21A9B1A9B182F4A1268D3
:10DFA0009A429CBF01230B70254AD3781C06D9B234
:10DFB0001ED44A060DD5224B1B795B0609D5284B8A
:10DFC00028491B6800220A7003B11A701C4B2C22CE
:10DFD000DA7030BC70471D4909789942D3D03F2B85
:10DFE0002CD921493F3A09688854DAB22A70CAE725
:10DFF00013791806DDD51D4B17481D7803789D420F
:10E00000DCB208D01A4A1268631C9A4206D9272B40
:10E010000DD8DAB204E06C23D370CAE700221346AD
:10E02000144CE35CDBB2064CE3710270C1E7124AA8
:10E03000273C1568DAB22B5DDBB2F4E7DAB29FE772
:10E0400000C006400499FF1F3888FF1F0C99FF1F6E
:10E05000C498FF1FC098FF1F4899FF1F3088FF1FFB
:10E060001099FF1F1499FF1F0899FF1F4099FF1F68
:10E070003C88FF1F1899FF1F4499FF1F094B10B4DC
:10E08000186060B101F14004074B084801F11A0221
:10E090001A60074B0460283110BC19607047402497
:10E0A000F2E700BF0899FF1F3488FF1F3888FF1F61
:10E0B0003088FF1F054B186018B1054B28311960D7
:10E0C0007047034B28211960704700BF4499FF1F18
:10E0D0003C88FF1F704700BF704700BF704700BFFC
:10E0E000431E032B17D872B60C4951F8230080B198
:10E0F00010B40B4CB0F800C034F81320A2EB0C02A3
:10E10000D0F804C041F823C024F8132062B610BC34
:10E11000704762B670470020704700BFDC99FF1F50
:10E120002C9AFF1F013803280BD872B6074B53F8FF
:10E13000203043B100205B680130002BFBD162B678
:10E140007047002070471846F9E700BF049AFF1F88
:10E1500010B472B6194A1A4C042312F8011B0907AD
:10E1600043F0010C05D554F8331061B154F83C105C
:10E17000B9B10433142BF0D162B6124B00221A70DD
:10E1800010BC00F09BBC0F4904EBC3020830506088
:10E190000A780D4844F83300013A0A7062B610BCA0
:10E1A0007047084A094904EBCC03083058601378DB
:10E1B00044F83C10013B137062B6F0E7A087010001
:10E1C0000080FF1F349AFF1F88004000C8004000F5
:10E1D000421E032A0ED81C4B400140F0100010B420
:10E1E000034472B6194CA05C03281CD8DFE800F089
:10E1F0001315031870470520A05413F0080F088862
:10E2000014BFC8228822083142EA004259601A60CD
:10E2100062B610BC70470320EEE708330220EBE73C
:10E2200008330420E8E70A4B53F8220038B1094BC1
:10E2300053F82200416043F8221062B6E9E743F840
:10E240002210044BF7E700BF0080FF1F249AFF1F36
:10E25000049AFF1F149AFF1F2DE9F04FDFF8CCA29C
:10E26000DFF8CCB285B03DE0B24D9E0805EBC607A5
:10E27000013A796813F00803D4B2A1F1080040F024
:10E28000B88055F836204FEA124C120C21F808CC11
:10E2900000F0A78021F8063C41F8043CA64B53F857
:10E2A0002420002A00F00182A44B53F8242050605F
:10E2B00043F82400A24B33F81420944423F814C0EC
:10E2C00000F0DCFB002800F0E98117F0080F9D4BFF
:10E2D00000F1080018BF5B46786045F83630082327
:10E2E0008AF880309AF880305907DCB21BD5964BFB
:10E2F0001B78ABB195490A7802F0FF032AB1013BC4
:10E30000DBB20B70002B00F0468391490A7802F0D3
:10E31000FF032AB1013BDBB20B70002B00F0EB8155
:10E3200004238AF8803014F0080200F0CC819AF8B7
:10E330009020D3B2120997D1DFF8F8919B0809EB2E
:10E34000C30459F833006468C0F3830009287CD003
:10E350000FD80138012808D87E4A158842F22100DA
:10E36000854200F0FB8149F833B001238AF89430EC
:10E37000B5E70D28F9D1D4E90007774D49F833B056
:10E38000744E764CC9F8102083B240F2816CC9F803
:10E3900018202A6063454FF00102C6E90007227089
:10E3A00000F2FF80B3F5D06F80F0CB82B3F5817FB0
:10E3B00000F0268240F2DE8040F2023293427BD1AE
:10E3C00007F07F07042F00F20881020C40F005815E
:10E3D000634911F8273043F0020301F82730134650
:10E3E00070E017F0080F574B18BF5B4645F8363002
:10E3F00075E700F063FB5B495B4A51F82430002B62
:10E4000000F05781586841F82400115D03F10800BD
:10E410007860032905D8DFE801F0120F1502042106
:10E4200011551A8817F0080F14BFC823882343EA30
:10E43000024345F8363052E702211155F1E7032136
:10E440001155EEE705211155EBE7434D2A683AB324
:10E450004649424C0F88464894F800E00678402F21
:10E460003B4628BF4023BEF1000F8EF0010E84F81A
:10E4700000E046F0020486F00106067009EBC400D5
:10E48000426014BFC820882040EA03401A44FB1AA7
:10E490009BB249F834000B80002B00F036812A60D3
:10E4A0002C4B1A88B2F5A06F7FF45FAF9A788AF888
:10E4B000982000225A7058E7B3F5A06F40F08D8085
:10E4C00000221346B6F806C02948944528BF944652
:10E4D00067460278402F28BF402742F0020E3E04D4
:10E4E00009EBCE0846F0C806C8F8043049F83E608B
:10E4F00000263B442670BCEB070782F0010606703D
:10E5000040F01181BCF13F0F4FF0010509D946F0F1
:10E510000206027009EBC60225705360882349F891
:10E52000363001238AF894301FE700BF00200740EF
:10E53000C80040000080FF1FDC99FF1FEC99FF1FFF
:10E540002C9AFF1F88004000289AFF1F299AFF1F5E
:10E55000549AFF1FFC99FF1FD099FF1FCD99FF1FF1
:10E56000C0200740049AFF1F249AFF1FCE99FF1F67
:10E57000CC99FF1F802B00F08B81822B2DD107F0CF
:10E580007F07042F29D8A74A00231380A64B13F82E
:10E5900027309F0740F1FC8101231370A14B022219
:10E5A00090E742F2210C6345BBD01DD942F22122F3
:10E5B00093420DD1BFB2002F82D19C4B1A689C4B65
:10E5C0001A609C4BC0F3074000221870134679E78D
:10E5D00042F2213293423FF473AF0F238AF8C030E6
:10E5E00001238AF89430C0E6B3F5086F00F04A8141
:10E5F000B3F5106FF1D1904BC0F3074004251870AC
:10E6000059F835301A0606D40135142D0CD059F8B6
:10E6100035301A06F8D509EBC503013558680838B6
:10E6200000F04CFA142DF2D1844A854B0292854AAF
:10E630000192854E854ADFF81882039400920025E6
:10E640001C4656F8047B2FB138467F6800F036FA36
:10E65000002FF9D1009BD8F8007043F8045B46F80E
:10E66000045C00932FB138467F6800F027FA002F32
:10E67000F9D1029B48F8045B43F8045B0293019BC9
:10E6800023F8025B01932378023B032B00F20981FC
:10E69000DFE813F03F0104013F0104016D4A45F832
:10E6A000360013780133137019E643F82400674BE2
:10E6B000FEE5115D022926D07FF611AE03291DD19A
:10E6C000012313550BE6E0076ED4210621D4A207DF
:10E6D00008D5614B93F888200221D2B283F88820B4
:10E6E00083F88010E30603D55B4B102283F880206B
:10E6F00005B0BDE8F08F00F059FB11E617F0080FE8
:10E7000014BF032302231355E9E53F2F98BF0022CE
:10E71000C5E6514B80220D2183F8C01083F880207C
:10E72000A207DFD5D5E746F002060270402F09EBBD
:10E73000C6003A4628BF402243601004134440F00C
:10E7400088000121BA1A49F83600217055D02B6093
:10E75000424B1A8001238AF8943006E692885AB90F
:10E760003F4AE51D14F8011B02F8011FAC42F9D124
:10E770003C4A1268862A3CD03B4C3C4825780278BB
:10E78000002D85F00105257042F0020482F001029F
:10E79000027009EBC4024FF00000506014BFC822A1
:10E7A000882249F83420DEE52B4B30483049314C83
:10E7B000022583F8945002702F480C602F4D48605A
:10E7C0008C600D24CD60FF200A618A6183F8C0400F
:10E7D00001219F2483F8880083F8800083F8982023
:10E7E00083F88C0083F8844083F8941005B0BDE86A
:10E7F000F08F234A0F201070BEE73F2FA7D890E676
:10E8000007F07F07042F3FF6E8AE000C7FF4E5AE7B
:10E81000054A12F8273023F0020302F827300022BD
:10E8200013464FE6D499FF1FC02007408C97FF1F67
:10E83000509AFF1F4C9AFF1F289AFF1F149AFF1F20
:10E84000249AFF1F2C9AFF1FDC99FF1FEC99FF1FD2
:10E85000049AFF1F349AFF1F00200740CE99FF1F24
:10E86000439AFF1F449AFF1FCD99FF1FCC99FF1FAA
:10E870000080FF1F880040004C99FF1F8C99FF1FEC
:10E88000299AFF1F484B49491B780B700B4619E624
:10E89000464A00231380454B022213E64FF0010342
:10E8A0002370434BB34204F101047FF4CAAE414EDE
:10E8B000039CDFF80481414F00233370042518F8CE
:10E8C000013B3F4AAB541B0725D445F0020145F0FC
:10E8D000030204350023142D49F8313049F8323051
:10E8E000EDD1384F25783A7842F0020009EBC00CA0
:10E8F00085F00106CCF80430002D4DD1882382F03C
:10E90000010226703A7049F8303001238AF89430B9
:10E910002BE52570C5E700F0B1F8002832D009EBEF
:10E92000C5030830586049F8357000F0A7F808B3FF
:10E9300045F0010309EBC3020830506049F833B0D9
:10E94000C3E7214A5368002B3FF447AE000CBFB227
:10E9500004E013690C32002B3FF43FAE1188814272
:10E96000F7D15188B942F4D1000A03280CBF1A78B4
:10E970001289A7E533780133337045F0010349F874
:10E980003300A2E7337849F8350001333370CCE720
:10E99000064B022296E500BE2670C82382F00106CF
:10E9A0003E7049F83030BCE5289AFF1FD499FF1F0C
:10E9B000EC99FF1F349AFF1FA087010088004000D8
:10E9C000C0200740CC99FF1F4C87010070B500F0B4
:10E9D00017FB00231A4A194642F8331002EBC30012
:10E9E0000133142B4160F7D1164C174B606B174D58
:10E9F00040F480206063C2F3072483F89C40144CE9
:10EA0000FF204FF0010CC2F30746120E83F8B060EE
:10EA10004FF0E02E83F8B42083F8800083F888005C
:10EA2000187483F894C0217083F884C0702385F82B
:10EA300049304FF400721023CEF80821237270BDC4
:10EA40000080FF1F008004400020074000E400E039
:10EA50000021074000F0ACB800F07CB800F056B8D8
:10EA600000F090B800F076B900F050B908461146B1
:10EA700000F0BAB8084600F03BB900BF72B60D49C5
:10EA80000B68B3FA83F00B2810DC4FF00042C24051
:10EA900023EA02030B6062B6074A00EBC000C10024
:10EAA00002EBC000002353504360704762B6002061
:10EAB000704700BF5488FF1FBC83FF1F0E4BC31A53
:10EAC000B3F5587F10D20D4A127872B972B60C4A5B
:10EAD0000C49A2FB032308684FF000421B0922FAED
:10EAE00003F303430B6062B67047074A1278002AAB
:10EAF000ECD0FFF72DBB00BFBC83FF1F349AFF1F74
:10EB0000398EE3385488FF1F289AFF1F38B50F4C01
:10EB1000206878B143880288C11801339A420D7A7F
:10EB200002D94380284638BDFFF7C8FF0023236081
:10EB3000284638BD064B1B782BB10320FFF7D0FACF
:10EB400020600028E6D14FF0FF35EBE7389AFF1F31
:10EB5000289AFF1F10B5094C206818B14388184443
:10EB6000007A10BD064B1B782BB10320FFF7B8FAD3
:10EB700020600028F2D14FF0FF3010BD389AFF1FFF
:10EB8000289AFF1F084B094A1B6810B594881BB1CF
:10EB90001A885B88D31A1C440CB1204610BD00F0C3
:10EBA00029F9204610BD00BF389AFF1F2C9AFF1F7D
:10EBB0000B4B1B789BB110B50A4C206848B1FFF78E
:10EBC0007DFF002303202360FFF78AFA30B1FFF7AF
:10EBD00075FF0320FFF784FA0028F8D110BD7047B5
:10EBE000289AFF1F389AFF1F2DE9F04FDFF8EC90AD
:10EBF00083B0012289F80020019179B3384FDFF802
:10EC0000E480019D384EDFF8E4A083463968A1B363
:10EC1000B1F802E0CEF1400CAC4528BFAC460EEB9B
:10EC20000C040022A4B23270A5EB0C054C8001F15B
:10EC30000802BCF1000F0AD00EF1FF3E7244DC4422
:10EC40001BF8014B02F8014FDC45F9D14C883F2CF1
:10EC50000BD805228AF80020002DD7D10198002377
:10EC600089F8003003B0BDE8F08F40220A8004200C
:10EC7000FFF7AEFA00223A60EBE798F800202AB3DB
:10EC80004AF2F92408E0013C19D03278BAB900F010
:10EC9000B1F898F80020CAB10420FFF743FA07281A
:10ECA000F1D84FF0010389F80030FFF7E7FE014685
:10ECB00038600028ACD1013C89F80000E5D101237F
:10ECC0004FF0FF30337003B0BDE8F08F00234FF0FA
:10ECD000FF3089F8003003B0BDE8F08F3D9AFF1F88
:10ECE000409AFF1F289AFF1F3C9AFF1F549AFF1F4C
:10ECF00000B583B0034601210DF107008DF8073000
:10ED0000FFF772FF03B05DF804FB00BF38B50E4D8E
:10ED10000E4C28680123237028B140880023C0F1DD
:10ED20004000237038BD0A4B1B7813B900202070B7
:10ED300038BD0420FFF7F6F90728F7D8FFF79EFE45
:10ED400028600028E9D1F1E7409AFF1F3D9AFF1F94
:10ED5000289AFF1FF8B5114B1B788BB1104E114D3F
:10ED6000346801272F7064B10F4B00271F70638830
:10ED7000238021460420FFF72BFA376000232B70F5
:10ED8000F8BDFFF77BFE084B014620B104201C7044
:10ED9000FFF71EFAF2E71F70F0E700BF289AFF1F87
:10EDA000409AFF1F3D9AFF1F549AFF1F38B50E4B24
:10EDB0001B7853B90D4C216841B103F0FF054B8816
:10EDC0000B800420FFF704FA256038BDFFF756FEDC
:10EDD000014620B1BDE838400420FFF7F9B9044BE3
:10EDE00001221A7038BD00BF3D9AFF1F409AFF1FD5
:10EDF000549AFF1F2DE9F843324E337863B1324FF6
:10EE00003A784AB90122D9073A7043D49A0726D4EE
:10EE100000225B073A7001D4BDE8F8832B4B1A68D7
:10EE2000002AF9D0EFF30582002AF5D1EFF310851F
:10EE300072B6186800283AD0254C2178002936D1BE
:10EE400042691A6001232370002A37D0916105B905
:10EE500062B600258368457798472570DCE7DFF8C0
:10EE6000748098F80020002AD2D00025DFF868903E
:10EE70002B4659F82340236820461B6901359847E3
:10EE800008B12369984798F80020EBB29A42F0D86D
:10EE90003378BDE7FFF776FE68B9104B1B780BB9E6
:10EEA0003378B3E7337803F0FE033370AEE7002D19
:10EEB000B2D162B6B0E700F0A1F8EEE7084B1A60F5
:10EEC000C5E700BF5888FF1F559AFF1F7897FF1F9F
:10EED0008497FF1F649AFF1F589AFF1FC684010082
:10EEE0008897FF1F70B4104E104D3478D4B1621E55
:10EEF000D2B2291D2B4601EB820101E08B4205D0E5
:10EF000053F8042B8242F9D170BC7047631CDBB20A
:10EF1000074A3370137845F8240043F00203137056
:10EF200070BC70470123F3E7649AFF1F589AFF1FD4
:10EF30005888FF1F2A4B2B4A6020E1211870597016
:10EF400013782948082B34D00A2B20D00C2B274BC0
:10EF50000CBF35213D2112228160C2609960DA60C8
:10EF6000234B21491B78214ACBB101230B62136249
:10EF7000204B1D491B781D4A012B13D9042B1BD88C
:10EF800084234B6253621C4B01221A707047174B4B
:10EF9000392113228160C2609960DA60E0E70B6278
:10EFA0001362E5E780234B625362134B01221A7010
:10EFB00070470E4B0121ECE7082B06D885234B62E6
:10EFC00053620D4B01221A707047102B94BF862399
:10EFD00087234B625362084B01221A70704700BFAF
:10EFE000004007405988FF1F00B0034000B00B40AD
:10EFF000659AFF1F5A88FF1F669AFF1F704700BF60
:10F0000010B584B072B6174A702441200F218023B6
:10F010001470D0719171137013781B06FCD5906831
:10F0200062B6114B114C984238BF00EB800001A929
:10F0300038BF40000A22FDF753F801A920460023FB
:10F0400011F8012B01333AB10A2B20F8022FF7D126
:10F050001623237004B010BD5B00DBB2237004B034
:10F0600010BD00BF0000024080969800E888FF1F96
:10F0700003460846194602F051BC00BF81F000412A
:10F0800002E000BF83F0004330B54FEA41044FEA8D
:10F09000430594EA050F08BF90EA020F1FBF54EA28
:10F0A000000C55EA020C7FEA645C7FEA655C00F0C4
:10F0B000E2804FEA5454D4EB5555B8BF6D420CDD95
:10F0C0002C4480EA020281EA030382EA000083EA18
:10F0D000010180EA020281EA0303362D88BF30BDB8
:10F0E00011F0004F4FEA01314FF4801C4CEA11310E
:10F0F00002D0404261EB410113F0004F4FEA03336D
:10F100004CEA133302D0524263EB430394EA050FF7
:10F1100000F0A780A4F10104D5F1200E0DDB02FA66
:10F120000EFC22FA05F2801841F1000103FA0EF2FA
:10F13000801843FA05F359410EE0A5F120050EF1C0
:10F14000200E012A03FA0EFC28BF4CF0020C43FAF1
:10F1500005F3C01851EBE37101F0004507D54FF0FE
:10F16000000EDCF1000C7EEB00006EEB0101B1F54E
:10F17000801F1BD3B1F5001F0CD349085FEA300094
:10F180004FEA3C0C04F101044FEA445212F5800F9F
:10F1900080F09A80BCF1004F08BF5FEA500C50F13C
:10F1A000000041EB045141EA050130BD5FEA4C0C1F
:10F1B000404141EB0101013C28BFB1F5801FE9D27C
:10F1C00091F0000F04BF01460020B1FA81F308BF9F
:10F1D0002033A3F10B03B3F120020CDA0C3208DD6B
:10F1E00002F1140CC2F10C0201FA0CF021FA02F146
:10F1F0000CE002F11402D8BFC2F1200C01FA02F1B6
:10F2000020FA0CFCDCBF41EA0C019040E41AA2BFDA
:10F2100001EB0451294330BD6FEA04041F3C1CDAA2
:10F220000C340EDC04F11404C4F1200220FA04F0C2
:10F2300001FA02F340EA030021FA04F345EA03016C
:10F2400030BDC4F10C04C4F1200220FA02F001FA2E
:10F2500004F340EA0300294630BD21FA04F02946B0
:10F2600030BD94F0000F83F4801306BF81F4801149
:10F270000134013D4EE77FEA645C18BF7FEA655CBC
:10F2800029D094EA050F08BF90EA020F05D054EA8E
:10F29000000C04BF1946104630BD91EA030F1EBF93
:10F2A0000021002030BD5FEA545C05D14000494197
:10F2B00028BF41F0004130BD14F580043CBF01F58A
:10F2C000801130BD01F0004545F0FE4141F4700170
:10F2D0004FF0000030BD7FEA645C1ABF194610464B
:10F2E0007FEA655C1CBF0B46024650EA013406BF4C
:10F2F00052EA033591EA030F41F4002130BD00BF0B
:10F3000090F0000F04BF0021704730B54FF48064C7
:10F3100004F132044FF000054FF0000150E700BF48
:10F3200090F0000F04BF0021704730B54FF48064A7
:10F3300004F1320410F0004548BF40424FF0000194
:10F340003EE700BF42004FEAE2014FEA31014FEAD7
:10F3500002701FBF12F07F4393F07F4F81F0605126
:10F36000704732F07F4208BF704793F07F4F04BF71
:10F3700041F40021704730B54FF4607401F000454E
:10F3800021F000411CE700BF50EA010208BF7047AE
:10F3900030B54FF000050AE050EA010208BF70479F
:10F3A00030B511F0004502D5404261EB41014FF408
:10F3B000806404F132045FEA915C3FF4D8AE4FF010
:10F3C00003025FEADC0C18BF03325FEADC0C18BFF3
:10F3D000033202EBDC02C2F1200300FA03FC20FA44
:10F3E00002F001FA03FE40EA0E0021FA02F1144491
:10F3F000BDE600BF70B54FF0FF0C4CF4E06C1CEAAA
:10F4000011541DBF1CEA135594EA0C0F95EA0C0F1A
:10F4100000F0DEF82C4481EA030621EA4C5123EA8D
:10F420004C5350EA013518BF52EA033541F48011BC
:10F4300043F4801338D0A0FB02CE4FF00005E1FB6F
:10F4400002E506F00042E0FB03E54FF00006E1FBB9
:10F4500003569CF0000F18BF4EF0010EA4F1FF04FC
:10F46000B6F5007F64F5407404D25FEA4E0E6D413C
:10F4700046EB060642EAC62141EA55514FEAC5204D
:10F4800040EA5E504FEACE2EB4F1FD0C88BFBCF5C9
:10F49000E06F1ED8BEF1004F08BF5FEA500E50F17A
:10F4A000000041EB045170BD06F0004646EA010140
:10F4B00040EA020081EA0301B4EB5C04C2BFD4EB72
:10F4C0000C0541EA045170BD41F480114FF0000E6B
:10F4D000013C00F3AB8014F1360FDEBF002001F0D9
:10F4E000004170BDC4F10004203C35DA0C341BDC53
:10F4F00004F11404C4F1200500FA05F320FA04F025
:10F5000001FA05F240EA020001F0004221F0004158
:10F5100010EBD37021FA04F642EB06015EEA430ECB
:10F5200008BF20EAD37070BDC4F10C04C4F12005FB
:10F5300000FA04F320FA05F001FA04F240EA0200AE
:10F5400001F0004110EBD37041F100015EEA430E7F
:10F5500008BF20EAD37070BDC4F1200500FA05F29F
:10F560004EEA020E20FA04F301FA05F243EA02031E
:10F5700021FA04F001F0004121FA04F220EA02002D
:10F5800000EBD3705EEA430E08BF20EAD37070BD73
:10F5900094F0000F0FD101F00046400041EB010153
:10F5A00011F4801F08BF013CF7D041EA060195F035
:10F5B000000F18BF704703F00046520043EB0303EF
:10F5C00013F4801F08BF013DF7D043EA06037047DC
:10F5D00094EA0C0F0CEA135518BF95EA0C0F0CD0E7
:10F5E00050EA410618BF52EA4306D1D181EA03012D
:10F5F00001F000414FF0000070BD50EA410606BF27
:10F600001046194652EA430619D094EA0C0F02D16B
:10F6100050EA013613D195EA0C0F05D152EA0336B0
:10F620001CBF104619460AD181EA030101F00041CE
:10F6300041F0FE4141F470014FF0000070BD41F017
:10F64000FE4141F4780170BD70B54FF0FF0C4CF4F1
:10F65000E06C1CEA11541DBF1CEA135594EA0C0F10
:10F6600095EA0C0F00F0A7F8A4EB050481EA030E5D
:10F6700052EA03354FEA013100F088804FEA033344
:10F680004FF0805545EA131343EA12634FEA022212
:10F6900045EA111545EA10654FEA00260EF00041D3
:10F6A0009D4208BF964244F1FD0404F5407402D225
:10F6B0005B084FEA3202B61A65EB03055B084FEAB6
:10F6C00032024FF480104FF4002CB6EB020E75EBB3
:10F6D000030E22BFB61A754640EA0C005B084FEADB
:10F6E0003202B6EB020E75EB030E22BFB61A754658
:10F6F00040EA5C005B084FEA3202B6EB020E75EBA3
:10F70000030E22BFB61A754640EA9C005B084FEA1A
:10F710003202B6EB020E75EB030E22BFB61A754627
:10F7200040EADC0055EA060E18D04FEA051545EA16
:10F7300016754FEA06164FEAC30343EA52734FEABF
:10F74000C2025FEA1C1CC0D111F4801F0BD141EA38
:10F7500000014FF000004FF0004CB6E711F4801F9D
:10F7600004BF01430020B4F1FD0C88BFBCF5E06F7D
:10F770003FF6AFAEB5EB030C04BFB6EB020C5FEA8D
:10F78000500C50F1000041EB045170BD0EF0004EE2
:10F790004EEA113114EB5C04C2BFD4EB0C0541EA14
:10F7A000045170BD41F480114FF0000E013C90E611
:10F7B00045EA060E8DE60CEA135594EA0C0F08BFD5
:10F7C00095EA0C0F3FF43BAF94EA0C0F0AD150EAD4
:10F7D00001347FF434AF95EA0C0F7FF425AF104667
:10F7E00019462CE795EA0C0F06D152EA03353FF48F
:10F7F000FDAE1046194622E750EA410618BF52EA0C
:10F8000043067FF4C5AE50EA41047FF40DAF52EADF
:10F8100043057FF4EBAE12E74FF0FF3C06E000BF7C
:10F820004FF0010C02E000BF4FF0010C4DF804CD89
:10F830004FEA410C7FEA6C5C4FEA430C18BF7FEA49
:10F840006C5C1BD001B050EA410C0CBF52EA430C77
:10F8500091EA030F02BF90EA020F0020704710F1F7
:10F86000000F91EA030F58BF994208BF90422CBF86
:10F87000D8176FEAE37040F0010070474FEA410C7F
:10F880007FEA6C5C02D150EA013C07D14FEA430C9D
:10F890007FEA6C5CD6D152EA033CD3D05DF8040B0E
:10F8A000704700BF8446104662468C461946634640
:10F8B00000E000BF01B5FFF7B7FF002848BF10F117
:10F8C000000F01BD4DF808EDFFF7F4FF0CBF01205C
:10F8D00000205DF808FB00BF4DF808EDFFF7EAFFD8
:10F8E00034BF012000205DF808FB00BF4DF808ED93
:10F8F000FFF7E0FF94BF012000205DF808FB00BF88
:10F900004DF808EDFFF7CEFF94BF012000205DF811
:10F9100008FB00BF4DF808EDFFF7C4FF34BF01201E
:10F9200000205DF808FB00BF4FEA410C7FEA6C5CE9
:10F9300002D150EA013C0AD14FEA430C7FEA6C5CE9
:10F9400002D152EA033C02D14FF0000070474FF061
:10F95000010070474FEA410212F5001215D211D58D
:10F960006FF47873B3EB625212D94FEAC12343F0BC
:10F97000004343EA505311F0004F23FA02F018BF3E
:10F98000404270474FF00000704750EA013005D107
:10F9900011F0004008BF6FF0004070474FF00000CA
:10F9A000704700BF4FEA4102B2F1E04324BFB3F514
:10F9B000001CDCF1FE5C0DD901F0004C4FEAC002E6
:10F9C0004CEA5070B2F1004F40EB830008BF20F0CA
:10F9D0000100704711F0804F21D113F13872BCBF84
:10F9E00001F00040704741F480114FEA5252C2F1D9
:10F9F0001802C2F1200C10FA0CF320FA02F018BF22
:10FA000040F001004FEAC1234FEAD32303FA0CFC74
:10FA100040EA0C0023FA02F34FEA4303CCE77FEA03
:10FA2000625307D150EA01331EBF4FF0FE4040F44D
:10FA30004000704701F0004040F0FE4040F40000FC
:10FA4000704700BF80F0004002E000BF81F000413D
:10FA500042001FBF5FEA410392EA030F7FEA226C74
:10FA60007FEA236C6AD04FEA1262D2EB1363C1BF04
:10FA7000D218414048404140B8BF5B42192B88BF73
:10FA8000704710F0004F40F4000020F07F4018BF96
:10FA9000404211F0004F41F4000121F07F4118BFB6
:10FAA000494292EA030F3FD0A2F1010241FA03FC5E
:10FAB00010EB0C00C3F1200301FA03F100F0004346
:10FAC00002D5494260EB4000B0F5000F13D3B0F10E
:10FAD000807F06D340084FEA310102F10102FE2A7D
:10FAE00051D2B1F1004F40EBC25008BF20F00100ED
:10FAF00040EA03007047490040EB0000013A28BF8C
:10FB0000B0F5000FEDD2B0FA80FCACF1080CB2EB0E
:10FB10000C0200FA0CF0AABF00EBC250524218438C
:10FB2000BCBFD0401843704792F0000F81F4000131
:10FB300006BF80F400000132013BB5E74FEA410304
:10FB40007FEA226C18BF7FEA236C21D092EA030F70
:10FB500004D092F0000F08BF0846704790EA010FEA
:10FB60001CBF0020704712F07F4F04D1400028BF17
:10FB700040F00040704712F100723CBF00F50000F9
:10FB8000704700F0004343F0FE4040F4000070472F
:10FB90007FEA226216BF08467FEA236301464202DB
:10FBA00006BF5FEA412390EA010F40F480007047EE
:10FBB0004FF0000304E000BF10F0004348BF404294
:10FBC0005FEA000C08BF704743F0964301464FF0D0
:10FBD00000001CE050EA010208BF70474FF000032C
:10FBE0000AE000BF50EA010208BF704711F000436D
:10FBF00002D5404261EB41015FEA010C02BF84463D
:10FC00000146002043F0B64308BFA3F18053A3F59B
:10FC10000003BCFA8CF2083AA3EBC25310DB01FAE2
:10FC200002FC634400FA02FCC2F12002BCF1004F66
:10FC300020FA02F243EB020008BF20F001007047F7
:10FC400002F1200201FA02FCC2F1200250EA4C004B
:10FC500021FA02F243EB020008BF20EADC70704791
:10FC60004FF0FF0C1CEAD0521EBF1CEAD15392EA9F
:10FC70000C0F93EA0C0F6FD01A4480EA010C40027B
:10FC800018BF5FEA41211ED04FF0006343EA5010D5
:10FC900043EA5111A0FB01310CF00040B1F5000F17
:10FCA0003EBF490041EAD3715B0040EA010062F1C6
:10FCB0007F02FD2A1DD8B3F1004F40EBC25008BFB0
:10FCC00020F00100704790F0000F0CF0004C08BFCE
:10FCD00049024CEA502040EA51207F3AC2BFD2F19B
:10FCE000FF0340EAC250704740F400004FF00003A9
:10FCF000013A5DDC12F1190FDCBF00F000407047E3
:10FD0000C2F10002410021FA02F1C2F1200200FA20
:10FD100002FC5FEA310040F1000053EA4C0308BFE7
:10FD200020EADC70704792F0000F00F0004C02BF38
:10FD3000400010F4000F013AF9D040EA0C0093F0B3
:10FD4000000F01F0004C02BF490011F4000F013B0D
:10FD5000F9D041EA0C018FE70CEAD15392EA0C0F7B
:10FD600018BF93EA0C0F0AD030F0004C18BF31F0E6
:10FD7000004CD8D180EA010000F00040704790F0BC
:10FD8000000F17BF90F0004F084691F0000F91F060
:10FD9000004F14D092EA0C0F01D142020FD193EA26
:10FDA0000C0F03D14B0218BF084608D180EA0100AE
:10FDB00000F0004040F0FE4040F40000704740F08A
:10FDC000FE4040F4400070474FF0FF0C1CEAD05258
:10FDD0001EBF1CEAD15392EA0C0F93EA0C0F69D0B4
:10FDE000A2EB030280EA010C49024FEA402037D01F
:10FDF0004FF0805343EA111143EA10130CF0004016
:10FE00008B4238BF5B0042F17D024FF4000C8B4205
:10FE100024BF5B1A40EA0C00B3EB510F24BFA3EBE5
:10FE2000510340EA5C00B3EB910F24BFA3EB9103B5
:10FE300040EA9C00B3EBD10F24BFA3EBD10340EA0F
:10FE4000DC001B0118BF5FEA1C1CE0D1FD2A3FF655
:10FE500050AF8B4240EBC25008BF20F0010070470A
:10FE60000CF0004C4CEA50207F32C2BFD2F1FF03AD
:10FE700040EAC250704740F400004FF00003013ADE
:10FE800037E792F0000F00F0004C02BF400010F482
:10FE9000000F013AF9D040EA0C0093F0000F01F096
:10FEA000004C02BF490011F4000F013BF9D041EAB8
:10FEB0000C0195E70CEAD15392EA0C0F08D14202EB
:10FEC0007FF47DAF93EA0C0F7FF470AF084676E7BE
:10FED00093EA0C0F04D14B023FF44CAF08466EE797
:10FEE00030F0004C18BF31F0004CCAD130F0004265
:10FEF0007FF45CAF31F000437FF43CAF5FE700BFBD
:10FF00004FF0FF3C06E000BF4FF0010C02E000BFE5
:10FF10004FF0010C4DF804CD4FEA40024FEA410387
:10FF20007FEA226C18BF7FEA236C11D001B052EA3D
:10FF3000530C18BF90EA010F58BFB2EB030088BF03
:10FF4000C81738BF6FEAE17018BF40F00100704772
:10FF50007FEA226C02D15FEA402C05D17FEA236C54
:10FF6000E4D15FEA412CE1D05DF8040B704700BF9B
:10FF7000844608466146FFE70FB5FFF7C9FF002832
:10FF800048BF10F1000F0FBD4DF808EDFFF7F4FF6B
:10FF90000CBF012000205DF808FB00BF4DF808ED04
:10FFA000FFF7EAFF34BF012000205DF808FB00BF27
:10FFB0004DF808EDFFF7E0FF94BF012000205DF849
:10FFC00008FB00BF4DF808EDFFF7D2FF94BF0120FA
:10FFD00000205DF808FB00BF4DF808EDFFF7C8FFF3
:10FFE00034BF012000205DF808FB00BF4FEA40024B
:10FFF0004FEA41037FEA226C02D15FEA402C08D12C
:020000021000EC
:100000007FEA236C02D15FEA412C02D14FF000005D
:1000100070474FF0010070474FEA4002B2F1FE4FC7
:100020000FD34FF09E03B3EB12620DD94FEA0023BA
:1000300043F0004310F0004F23FA02F018BF404293
:1000400070474FF00000704712F1610F01D142027A
:1000500005D110F0004008BF6FF0004070474FF02E
:1000600000007047024B0344587800F0440070478A
:10007000108801000A22002100F0C2BD0A220021DE
:1000800000F0BEBD931E222B10B50C460CD80A2AD8
:1000900003D000F06DFE204610BD0028F9DA2D23B4
:1000A00001F8013B4042F4E700230B70184610BDF5
:1000B000024B0146186800F00BB800BFA88FFF1F65
:1000C000024B0146186801F0EDBF00BFA88FFF1F6B
:1000D0002DE9F04F01F10B06162E83B0044624D80B
:1000E000102900F2BA8000F0A3FA1026182202208C
:1000F000B54F3A44A2F1080153688B4200F0BA8030
:100100005A68D96822F003021A449D68E9608D603C
:10011000516841F001012046516003F1080500F0EB
:100120008DFA284603B0BDE8F08F36F0070600F1DF
:100130009480B14200F2918000F07AFAB6F5FC7F2B
:10014000C0F09A81730A00F08F80042B00F26F8157
:10015000B30903F1390003F1380CC3009A4F3B4453
:10016000A3F108055B689D4206D10CE0002980F2EE
:100170002781DB689D4206D05A6822F00302911B5A
:100180000F29F3DD60463D69DFF840C265457CD04C
:100190006A6822F00302931B0F2B00F37B81002B74
:1001A000C7E904CC80F26C81B2F5007F80F01A813F
:1001B000D308796801334FEA521E012202FA0EF287
:1001C0000A4357F833E0C5F808E007EBC3010839E4
:1001D000E9607A6047F83350CEF80C508310012163
:1001E0009940914257D8114206D120F003004900AE
:1001F000114200F10400FAD007EBC0094D468646D3
:10020000D5F80C80454508D11DE1002B80F22481F2
:10021000D8F80C80454500F01681D8F8042022F06B
:100220000302931B0F2BF0DD2046D8E9025408EBA4
:10023000060146F00106C8F80460EC60A56043F0D2
:100240000104C7E90411C1E902CC4C6048F802304E
:1002500000F0F4F908F1080502E00C232360002502
:10026000284603B0BDE8F08F4FF4007340204FF0F4
:100270003F0C73E7D3689A4208BF02307FF440AF67
:100280003D69DFF848C1654582D17A688310012154
:1002900099409142A7D9BD686B6823F003094E4588
:1002A00003D8A9EB06030F2B7ADCDFF824B1494B06
:1002B000DBF800201B680132334405EB090A00F02B
:1002C000338103F580530F3323F47F6828F00F0840
:1002D0004146204601F038FB411C024600F0F38005
:1002E000824500F2EE803C4B196841441960084693
:1002F00000F04E81DBF80010019301311BBFA2EB2F
:100300000A010918CBF80020196012F0070B00F061
:100310001781CBF108010A44CBF580519044083194
:10032000A1EB0801C1F30B0A51462046009201F0EF
:100330000BFB421CDDE9002300F04F81801A00EB2B
:100340000A081968BA6048F001005144BD42506083
:10035000196000F02981B9F10F0F40F22781686818
:10036000A9F10C0C2CF0070C00F0010040EA0C0085
:1003700068604FF0050E05EB0C00BCF10F0FC0E9F3
:1003800001EE00F2328150681546144B1A688A4219
:1003900038BF1960124B1A688A4238BF196094E05E
:1003A000AA1943F0010346F001066E602046BA60C8
:1003B000536000F043F90835284603B0BDE8F08FDC
:1003C000D9681A44A1E600BF0089FF1F0889FF1FF2
:1003D000088DFF1F989AFF1F689AFF1F909AFF1FB2
:1003E000949AFF1FB2F5206F4FEA522363D3142B68
:1003F00000F2B78003F15C01C9005B3307EB010E2B
:100400007958AEF1080E8E4500F091804B6823F0CC
:100410000303934202D989688E45F7D1D1F80CE0E5
:100420007A68C5E9021ECEF80850CD60D6E6142BD6
:1004300059D9542B00F29D80330B03F16F0003F167
:100440006E0CC3008AE60EF1010E1EF0030F05F1DB
:1004500008057FF4D5AE51E0424445465368D8F8CC
:100460000C1043F00103536055F8083F2046D96053
:100470008B6000F0E3F8F3E6F00806F1080237E6D7
:100480002A442046536843F001035360083500F0C6
:10049000D5F8E5E6A919204646F0010643F0010427
:1004A0006E60C7E90411C1E902CC4C60AB5000F0AA
:1004B000C5F80835D4E6930903F13901C90038338A
:1004C0009CE7BD425FD0BD68686820F003084645E0
:1004D000A8EB060302D80F2B3FF762AF204600F0CF
:1004E000ADF80025BCE603F15C0003F15B0CC30032
:1004F00034E659F808394B4540F0968010F0030F68
:1005000000F1FF30F5D17B6823EA01037B604900ED
:1005100099423FF6C0AE19B9BDE649000EF1040E8E
:100520001942FAD0704667E603F11008D0E69A1037
:100530004FF001087B6808FA02F21A437A6070E70C
:1005400002EB08014942C1F30B0A514620460092D2
:1005500001F0FAF9431CDDE900237FF4EFAEDA463F
:10056000EFE6542B25D8130B03F16F01C9006E334E
:1005700044E7B3F5AA7F25D8F30B03F1780003F124
:10058000770CC300EAE5294B186840441860B1E6CF
:10059000CAF30B0CBCF1000F7FF4ACAEBD68C844CD
:1005A00048F001006860F0E61546EEE6012353606E
:1005B00094E7B3F5AA7F23D8D30B03F17801C900E0
:1005C00077331BE740F25452934223D8B30C03F124
:1005D0007D0003F17C0CC300C0E5ABF1080BD844EF
:1005E000A8EB02084FF0000AABE605F1080120462F
:1005F000009301F057FDBD68009B68681968C4E668
:1006000040F254518B420BD8930C03F17D01C90089
:100610007C33F3E64FF47E737F204FF07E0C9DE534
:100620004FF47E717E23E9E67B6870E7689AFF1FCE
:10063000014801F0B9BB00BFDC9BFF1F014801F07E
:10064000B5BB00BFDC9BFF1F10B4044C03460A4639
:10065000206810BC194600F003B800BFA88FFF1F28
:100660002DE9F84F1746002900F098800C4607F155
:100670000B058046FFF7DCFF162D54F8041C5BD8F1
:1006800010252A46AF425CD821F003069642A4F119
:10069000080962DABC4BD3F808C009EB06008445B0
:1006A00000F09780D0F804C02CF0010303445B688D
:1006B000DB0768D42CF0030C06EB0C03934247DAFB
:1006C000CB0710D454F8083CA9EB030ADAF804303D
:1006D00023F003018C44B444944580F211817318D3
:1006E000934280F2E88039464046FFF7F1FC074626
:1006F000E0B154F8043C23F001034B44A0F108029C
:10070000934200F0D280321F242A00F2F580132A8F
:1007100000F2AC80034622461168196051685960A6
:1007200092689A602146404601F0BCFC4046FFF7C3
:1007300085FF3846BDE8F88F25F00705002D2A46CD
:10074000A0DA0C23C8F8003000273846BDE8F88F3F
:100750001E46D0E90223D3609A60731B0F2B22D868
:10076000D9F8043003F0010333434E44C9F8043090
:10077000736843F00103736040462746FFF75EFF4E
:100780003846BDE8F88FC907ADD454F8083CA9EB4A
:10079000030ADAF8041021F00301A0E7BDE8F84FDE
:1007A0001146FFF795BCD9F8042009EB050102F0CA
:1007B00001024E4443F001032A43C9F804204B6070
:1007C000736843F0010308317360404601F06AFC2E
:1007D000D2E7DCF8040020F0030B06EB0B0C05F16C
:1007E000100084454DDAC9073FF57DAF54F8081C69
:1007F000A9EB010ADAF8041021F003018B44B34499
:1008000058453FF76CAF5746DAF80C1057F8080F09
:10081000321F242AC160886000F2DB80132A40F274
:10082000D6802168CAF808106168CAF80C101B2A23
:1008300000F2DF8008340AF110022168116061685B
:100840005160A16891600AEB0501ABEB050242F033
:10085000010299604A60DAF8043003F001032B4387
:100860004046CAF80430FFF7E9FE6EE723680360EC
:10087000636843601B2A68D804F1080200F108038A
:100880004AE709EB05029A60ACEB050343F001036C
:10089000536054F8043C03F001032B43404644F8F2
:1008A000043CFFF7CBFE27464FE750F8043C23F00B
:1008B00003031E4451E75746DAF80C1057F8080FA7
:1008C000321F242AC16088604CD8132A48D9216875
:1008D000CAF808106168CAF80C101B2A56D80834E8
:1008E0000AF110021E462368136063685360A36810
:1008F0009360D1463C4630E7214600F0BFFB11E74C
:10090000D0E902135746CB60996057F8081FDAF810
:100910000C30CB60321F242A99602DD8132A29D994
:100920002368CAF808306368CAF80C301B2A42D81A
:1009300008340AF1100322681A6062685A60A268DB
:100940009A606646D1463C4607E7A3688360E36841
:10095000C360242A26D004F1100200F11003DBE664
:100960003A46BFE7214638461E46D14600F086FB90
:100970003C46F2E63B46DEE7214638466646D1462F
:1009800000F07CFB3C46E8E60089FF1FA168CAF83E
:100990001010E168CAF81410242A20D010340AF18B
:1009A00018029FE7236903616169416104F118023C
:1009B00000F11803B0E6A368CAF81030E368CAF87B
:1009C0001430242A21D010340AF11803B3E73A4630
:1009D00033E72146384600F051FB164B33E72269D6
:1009E000CAF818206269CAF81C2018340AF12002DB
:1009F00078E7A168CAF81010E168CAF81410242A30
:100A00000DD010340AF1180217E72369CAF818301C
:100A10006369CAF81C3018340AF120038BE7226995
:100A2000CAF818206269CAF81C2018340AF120029A
:100A300003E700BF0089FF1F0CB410B51F4B00294E
:100A40001C689CB035DB4FF40273ADF81430029093
:100A500006901FAB18D001394FF6FF720491079131
:100A6000ADF8162002A91E9A0193204601F036FC2B
:100A7000421C01DA8B232360029B00221A701CB0F7
:100A8000BDE8104002B070474FF6FF720491079125
:100A9000ADF8162002A91E9A0193204601F01EFC13
:100AA000431C01DA8B2323601CB0BDE8104002B068
:100AB00070478B2323604FF0FF30F5E7A88FFF1FAF
:100AC000012B2DE9F84F41D0242B1F463ED88046FC
:100AD0004A488E4675461EF801BB10F80B4014F0CC
:100AE0000804F7D1BBF12D0F71D0BBF12B0F08BF5C
:100AF0009EF800B06FF0004908BF05F1020E002B10
:100B000042D0102B55D0B9FBF7F60025284607FB3D
:100B1000169A05E033D007FB00C001251EF801BB83
:100B2000ABF1300CBCF1090F06D9ABF1410CBCF1B3
:100B3000190F12D8ABF1370C634517DDB5F1FF3F44
:100B4000ECD08642E6D24FF0FF35E7E700F024FF15
:100B5000162303600020BDE8F88FABF1610CBCF1F7
:100B6000190F03D8ABF1570C6345E7DC6B1C25D09C
:100B700084B9002AEFD095BB1160BDE8F88FE2453B
:100B8000C9DA4FF0FF35C9E7BBF1300F04D00A27AF
:100B90003B46B8E74042ECE79EF8003003F0DF0345
:100BA000582B20D110279EF801B03B460EF1020EC3
:100BB000A9E7BBF1300F19D01F46A4E72223C8F8DC
:100BC000003072B10EF1FF3148461160D5E79EF852
:100BD00000B04FF0004905F1020E01248FE7814675
:100BE000F0E74846B7E708273B468CE79EF8000049
:100BF00000F0DF005828D5D01F4684E71188010097
:100C000010B4044C84461346206810BC0A46614662
:100C1000FFF756BFA88FFF1F2DE9F04707464C4846
:100C20000E46354616F801EB10F80EC01CF0080C05
:100C3000F7D1BEF12D0F5AD0BEF12B0F03BF96F89E
:100C400000E06446AE1C64465BB1102B54D04FF0FC
:100C5000FF38B8FBF3F803FB08FA6FEA0A0A994673
:100C600008E0BEF1300F5AD00A23DFF8E8804FF0D9
:100C7000050A99460025284605E02CD009FB00C04E
:100C8000012516F801EBAEF1300CBCF1090F06D9C5
:100C9000AEF1410CBCF1190F0BD8AEF1370C634526
:100CA00010DDB5F1FF3FECD04045E6D94FF0FF3500
:100CB000E7E7AEF1610CBCF1190F03D8AEF1570CA8
:100CC0006345EEDC6B1C0BD004B140420AB165B940
:100CD0001160BDE8F087D445D0DD4FF0FF35D0E797
:100CE00022233B602846002AF3D0711EF0E796F8D5
:100CF00000E00124AE1CA7E7BEF1300F21D130780F
:100D000000F0DF00582816D14FF0100996F801E0E6
:100D10004FF00F0A02366FF070484B46AAE733785F
:100D200003F0DF03582BEFD008234FF0070A6FF0D2
:100D3000604899469EE799466FF070484FF00F0A59
:100D400098E74FF00F0A6FF07048994692E700BF9E
:100D5000118801009999991910B4044C84461346DE
:100D6000206810BC0A466146FFF756BFA88FFF1FD8
:100D7000F0B5254FA2F1020E164605460C460FCFE0
:100D80008BB0EC46ACE80F000FCFACE80F0097E853
:100D900003004CF8040BBEF1220F8CF800102ED883
:100DA00004F1FF3E70464FF0000CB5FBF6F206FB77
:100DB000125328336B44614613F828CC00F801CF56
:100DC0002B469E4201F1010C1546EED9002304F892
:100DD0000C3089B1A44472461EF8010F1CF8015D65
:100DE0008EF80050A4EB0E030232013B121B0B44A1
:100DF0009A428CF80000EEDB20460BB0F0BD0023D9
:100E0000184623700BB0F0BDA4870100FFF7B0BFF8
:100E10000EB410B59DB06FF000411FABCDE90601D7
:100E20000491094953F8042B0290084C0868019377
:100E300002A9059401F052FA029B00221A701DB01B
:100E4000BDE8104003B07047A88FFF1F0802FFFFE6
:100E5000024A0349034800F0BBB800BF108DFF1FD2
:100E6000DD450100888EFF1F0C4B4168994210B58B
:100E7000044601D003F0B2FBA168094B994202D0AD
:100E8000204603F0ABFBE168064B994204D02046B4
:100E9000BDE8104003F0A2BB10BD00BF9C9AFF1F2D
:100EA000049BFF1F6C9BFF1F2DE9F8432A4C2B4B23
:100EB0002B48DFF8B090DFF8B0802C4F1860002589
:100EC00004230822294604F15C00294E6566C4E922
:100ED0000253C4E90055C4E90455A56100F04AF97C
:100EE000244B63670822294604F1C400C4E907497A
:100EF000C4E90987C4E91A55C4E91E55C4F8CC50A1
:100F00002567C4F88050E66200F034F91A4BC4F843
:100F1000DC30294604F16803082204F59670C4F811
:100F20008430C4E92298C4E92476C4E93455C4E97C
:100F30003855C4F83451C4F8D850C4F8E85000F01B
:100F400019F904F1D003C4E93C98C4E93E76C4F829
:100F5000EC30BDE8F88300BF9C9AFF1FD49BFF1FB5
:100F6000510E0100194801003D4801007D48010073
:100F70009D480100090001001200020010B504465E
:100F80000A4800F011FF636B23B9094B094A1B683B
:100F9000626323B1BDE81040044800F007BFFFF7CB
:100FA00083FFBDE81040014800F000BFE09BFF1F39
:100FB000D49BFF1F690E0100014800F0F5BE00BF81
:100FC000E09BFF1F014800F0F1BE00BFE09BFF1F48
:100FD0002DE9F84380460F4616464FF00009D6E942
:100FE0000154013D11D4A389012B05F1FF3508D926
:100FF000B4F90E300133214603D04046B84749EAE0
:1010000000096B1C04F16804EDD13668002EE6D1AE
:101010004846BDE8F88300BF032A10B516D940EA58
:1010200001039B0724D104460B4619462046D1F8FC
:1010300000E0D0F800C0F44504F1040403F1040317
:1010400016D1043A032A20461946EED8541E9AB106
:10105000421E013901E0C3180CD012F801EF11F85B
:1010600001CFE645A4EB0203F5D0AEEB0C0010BDBA
:10107000541EEDE7184610BD104610BD88420DD92C
:101080008B1883420AD900EB020CBAB1624613F8FE
:1010900001CD02F801CD9942F9D170470F2A0ED83F
:1010A000034602F1FF3C4AB10CF1010C013B8C44B8
:1010B00011F8012B03F8012F6145F9D1704740EA7F
:1010C00001039B0750D1A2F1100370B501F1200C70
:1010D00023F00F0501F1100E00F11004AC441B09C0
:1010E0005EF8105C44F8105C5EF80C5C44F80C5C34
:1010F0005EF8085C44F8085C5EF8045C44F8045C44
:101100000EF1100EE64504F11004E9D1013312F09E
:101110000C0F01EB031102F00F0400EB031327D0B7
:10112000043C24F003064FEA940C1E441C1F8E4618
:101130005EF8045B44F8045FB442F9D10CF1010499
:1011400002F0030203EB840301EB840102F1FF3C94
:101150004AB10CF1010C013B8C4411F8012B03F84E
:10116000012F6145F9D170BD02F1FF3C03469BE7B9
:101170002246EBE7830730B548D0541E002A3FD003
:10118000CAB2034601E0013C3AD303F8012B9D07A4
:10119000F9D1032C2DD9CDB245EA05250F2C45EA0E
:1011A000054536D9A4F1100222F00F0C03F1200EF0
:1011B000E6444FEA121C03F1100242E9045542E9E9
:1011C000025510327245F8D10CF1010214F00C0FE7
:1011D00003EB021204F00F0C13D0ACF1040323F064
:1011E00003030433134442F8045B9342FBD10CF035
:1011F00003042CB1C9B21C4403F8011B9C42FBD16F
:1012000030BD64461346002CF4D1F9E7034614467A
:10121000BFE71A46A446E0E7830710B5044610D19D
:101220000268A2F1013323EA020313F0803F08D1E0
:1012300050F8042FA2F1013323EA020313F0803F98
:10124000F6D003781BB110F8013F002BFBD100F062
:1012500025FD204610BD00BF11F0FF01034644D01C
:10126000820732D110B5046841EA012E4EEA0E4ED3
:101270008EEA0402A2F1013323EA0203A4F101324F
:1012800022EA0402134313F0803F0FD150F8044FB9
:1012900084EA0E0CA4F10133ACF1013223EA040319
:1012A00022EA0C02134313F0803FEFD0037823B9F6
:1012B00036E010F8013F002B32D09942F9D110BD31
:1012C0008A4211D09A071846CCD0184613F8012B41
:1012D000002AF5D1104670479907184607D01846DE
:1012E00001330278002AF7D170478207F7D10268EC
:1012F000A2F1013323EA020313F0803F08D150F832
:10130000042FA2F1013323EA020313F0803FF6D049
:101310000378002BE8D010F8013F002BFBD1704779
:10132000184610BD830730B427D10468A4F10133F7
:1013300023EA040313F0803F034608D153F8045F07
:10134000A5F1013424EA050414F0803FF6D01C789E
:101350001CB113F8014F002CFBD1013903EB020C37
:101360009C4508D011F8012F03F8012B1AB16345F1
:10137000F6D100221A7030BC70470346E7E700BF81
:10138000002A3ED040EA01039B0730B584462FD1A6
:10139000032A2DD90B4608E0043A8446194625D085
:1013A0001EF0803F22D1032A22D90468194653F83F
:1013B000045BA4F1013EAC4284462EEA040E00F127
:1013C0000400E9D09CF800000C78A0421BD1E6464E
:1013D00068B11EF8010F11F8014FA2EB0E03A042F5
:1013E00003F1FF330FD11CEB0303F1D1002030BD1B
:1013F0009CF800000C78844205D1012AF6D0E6461C
:10140000E6E710467047001B30BD00BF40EA01030D
:101410009B0730B501D1032A0FD8844601F1FF3E66
:1014200007E01EF8011F03F8011B541EC1B19C46C2
:1014300022466346002AF4D130BD0B468446194645
:1014400053F8045BA5F1013424EA050414F0803F4D
:10145000E4D1043A032A4CF8045B1946EFD8DDE7DF
:101460009444002CE8D003F8011B6345FBD130BD48
:10147000024A12680123503200F002B8A88FFF1F01
:10148000F0B4074610B33E468C4616F8010B01E057
:10149000A04216D01CF8014B002CF9D1D8B116F897
:1014A000015B0C4601E0002BF9D014F8013B9D4292
:1014B000F9D14DB1002306F8013C16603846F0BC66
:1014C00070475BB13746DEE72E46F6E71768002F18
:1014D000D9D13846F3E7F0BC106070471660384643
:1014E0003B70ECE701292DE9F0415BD94FF0010891
:1014F000C64600244FF0FF35434608E0A3EB05083D
:101500001C464FF0010E04EB0E038B4210D200EB91
:101510000E0CC75C1CF80560B742EFD332D04FF019
:1015200001082546C646444404EB0E038B42EED325
:101530000127C2F80080BE4600244FF0FF363B462C
:1015400007E09F1B1C464FF0010E04EB0E038B427D
:1015500010D200EB060C10F803801CF80EC0E0451A
:10156000EFD817D001272646BE463C4404EB0E03B5
:101570008B42EED30136681C864201D31760304699
:10158000BDE8F081C6450ABF74440EF1010E4FF06C
:10159000010EB8E7BE450ABF74440EF1010E4FF0CC
:1015A000010ED2E701270026E8E700BF2DE9F04F42
:1015B0009246ADF21C4D05AA81460F46504619468B
:1015C0001D46FFF78FFF134683460DF2144243F882
:1015D000045F9342FBD1002D00F0E0806C1E06AE4C
:1015E0000AF1FF320AEB0400009612F8011FAB1A51
:1015F000013B5344824246F82130F6D105995A46C0
:1016000051445046FFF708FD00286FD10BF1FF331E
:101610000393CBF1010380460646019309EB060EC6
:10162000009A1EF8043052F82330DBB1B8F1000FF5
:1016300003D0059A9A4200D9AB1A1E444FF0000815
:101640007B1B9E42EAD909EB070045F4006103F0D9
:1016500037F907447B1B9E42E0D900200DF21C4D58
:10166000BDE8F08FC3455B4638BF4346A34210D266
:10167000591EF21851444A4402E00133A34208D2F1
:1016800012F8010B11F801CF8445F6D0019A1644E7
:10169000D3E7C345039B7AD906EB0B024A440AEB16
:1016A0000B01029602E0434515D0034612F8010DE6
:1016B00011F8016D864203F1010C03F1FF30F2D005
:1016C000029E634608F1010898450AD8059B1E440E
:1016D000A5EB0308B4E7434608F101089845029ECC
:1016E000F4D970460DF21C4DBDE8F08FA5EB0B034D
:1016F0005B4538BF5B46013305930BF1FF33019324
:10170000CBF101030026029345F4006809EB060EB5
:10171000009A1EF8043052F823306BB11E447B1B34
:10172000B342F3D209EB0700414603F0C9F807447E
:101730007B1BB342EAD290E7A34514D2019B0BEB8B
:1017400006020AEB03014A445B4602E00133A3426E
:1017500009D212F8010B11F801CF8445F6D0029A94
:1017600016441E44DBE7BBF1000F12D00BEB060161
:1017700049440AEB0B0201E053450AD012F801CDAF
:1017800011F8010D84451346F6D0059BC6E75B466C
:1017900098E770460DF21C4DBDE8F08F06AB4FF098
:1017A000FF3400932AE700BF2DE9F0410D46097888
:1017B00090B00446002954D06A78002A00F0838053
:1017C000AB78002B51D0E8782E68002800F082809A
:1017D0002B79002B57D0284600F052FB064640F4E8
:1017E0000071204603F06CF886425BD8FE2E00F2B2
:1017F0008680801B27184022711C6846FFF7BAFCC0
:101800007EB16A1E5FFA86FC901912F8013F03F060
:101810003F0340336B44A91A6144824203F8401CE1
:10182000F3D1013CA35D03F03F0340336B4413F855
:10183000403C1C44A74203D239E04444A74236D37B
:1018400014F806C00CF03F0C0CF140030DEB030C38
:101850002046324629461CF8408CFFF7DDFB002865
:10186000EBD1204610B0BDE8F081007842EA014299
:1018700000E00C4640EA0343611C98B19A4260784C
:10188000F7D1013CEDE7227862B131BA01E099422B
:101890001ED042EA0323204614F8012F002AF6D175
:1018A000994215D00024204610B0BDE8F081BB5D00
:1018B000B819002BF6D04FF4006103F001F807448B
:1018C000BC42AED9EEE710B0BDE8F041FFF7C4BCB2
:1018D000C41EC6E7120442EA016242EA03232178E9
:1018E000024600E02C4641EA0200651C0202002983
:1018F000D8D0B3EB002F6178F4D1023CB1E70146B8
:1019000033462A46204610B0BDE8F041FFF74EBEF0
:10191000014B93F8280170471C8DFF1F13460A46A0
:101920000146022000F01ABB70B50C4682B0154685
:101930001E46FDF707FD2246002400962B46019423
:1019400003F012F802B070BD38B5074D002204460E
:1019500008462A60FAF772FB431C00D038BD2B689A
:10196000002BFBD0236038BD789DFF1F38B50C4697
:10197000084D8446114620461A4600232B606446D3
:10198000FAF724F8431C00D038BD2B68002BFBD09D
:10199000236038BD789DFF1F014B1868704700BF5A
:1019A000A88FFF1FFFFFFFFFFFFFFFFFFFFFFFFFEE
:1019B000FFFFFFFFFFFFFFFFFFFFFFFFFFFFFFFF37
:1019C000A2EB0300704700BF02780B78012A28BF02
:1019D0009A42F5D16DE9044540EA0104CDE9026778
:1019E0006FF0000C4FEA447212B380EA010414F065
:1019F000070F6AD100F0070420F0070004F0030588
:101A000021F007014FEAC505F0E8042314F0040FA4
:101A1000F1E804670CFA05F462EA040266EA0406D7
:101A20000AD063EA0403624667EA0407664603E0F5
:101A3000F0E80423F1E8046782FA4CF582EA060430
:101A4000A4FA8CF46CBB83FA4CF583EA0705A5FA7B
:101A50008CF595B950E9022351E9026782FA4CF5F9
:101A600082EA0604A4FA8CF483FA4CF583EA0705AB
:101A7000A5FA8CF52543DBD09CB92DBAB5FA85F4CF
:101A800024F0070427FA04F1DDE9026723FA04F3DE
:101A900003F0FF0001F0FF01FDE80445A0EB0100A9
:101AA000704724BAB4FA84F424F0070426FA04F147
:101AB000DDE9026722FA04F202F0FF0001F0FF0103
:101AC000FDE80445A0EB0100704714F0030F3CD182
:101AD00010F0030428D150F8082B51F8083B82FA83
:101AE0004CF582EA0305A5FA8CF55DB950F8042C93
:101AF00051F8043C82FA4CF582EA0305A5FA8CF50C
:101B0000002DE8D02DBAB5FA85F424F0070423FAA5
:101B100004F122FA04F202F0FF0001F0FF01FDE8F7
:101B20000445A0EB010070474FEAC40420F0030015
:101B300050F8082B21F0030151F8083B0CFA04F48B
:101B400062EA040263EA0403C9E710F003041AD04E
:101B5000A1EB040120F00300E40750F8042B06D0A9
:101B60000FD28B785FFAA2F4E41A06D12BB1CB78AE
:101B70005FFAB2F4E41A00D11BB920465DF8104BAD
:101B8000704701F1040150F8042BCC0721F0030148
:101B900051F8043B48D824D222F07F4482FA4CF515
:101BA00094EA1325A5FA8CF50AD165B951F8043BDE
:101BB00084EA0204B4EB036F0ED150F8042BEBE778
:101BC0004FEA132355E035F07F454DD10878FDE805
:101BD0000445C0F1000070474FEA126203F0FF03B2
:101BE00047E002EA1C4482FA4CF594EA1345A5FA50
:101BF0008CF50AD165B951F8043B84EA0204B4EBD0
:101C0000034F0CD150F8042BEBE74FEA134330E0BD
:101C100015EA1C4528D10B884FEA124229E04FEA09
:101C2000124203EA1C4324E002F0FF0482FA4CF55E
:101C300094EA1365A5FA8CF50AD165B951F8043B0D
:101C400084EA0204B4EB032F09D150F8042BEBE72C
:101C50004FEA13630DE015F0FF0F05D10B684FEA53
:101C6000122223F07F4304E04FF00000FDE804451A
:101C7000704712BA1BBA82FA4CF482EA0304A4FA3F
:101C80008CF5B5FA85F402FA04F203FA04F34FEA8C
:101C90001260FDE80445A0EB1360704780EA010282
:101CA000844612F0030F4FD111F0030F32D14DF8DB
:101CB000044D11F0040F51F8043B0BD0A3F1013295
:101CC0009A4312F0803F04BF4CF8043B51F8043BA8
:101CD00016D100BF51F8044BA3F101329A4312F020
:101CE000803FA4F101320BD14CF8043BA24312F027
:101CF000803F04BF51F8043B4CF8044BEAD0234624
:101D00000CF8013B13F0FF0F4FEA3323F8D15DF8D5
:101D1000044B704711F0010F06D011F8012B0CF89D
:101D2000012B002A08BF704711F0020FBFD031F815
:101D3000022B12F0FF0F16BF2CF8022B8CF800209C
:101D400012F47F4FB3D1704711F8012B0CF8012B1F
:101D5000002AF9D1704700BF70B50D4E0D4D761BAE
:101D6000B61006D0002455F8043B01349847A6422B
:101D7000F9D1094E094D761B06F022FFB61006D0A8
:101D8000002455F8043B01349847A642F9D170BDB0
:101D9000CC8B0100CC8B0100E08B0100CC8B0100CF
:101DA000704700BF704700BF704700BF704700BF5B
:101DB00001F0FF01102A2BDB10F0070F08D010F8FC
:101DC000013B013A8B422DD010F0070F42B3F6D100
:101DD000F0B441EA012141EA014122F007047FF019
:101DE00000070023F0E80256083C85EA010586EA70
:101DF000010685FA47F5A3FA87F586FA47F6A5FAAC
:101E000087F68EB9EED1F0BC01F0FF0102F00702B7
:101E100032B110F8013B013A83EA010313B1F8D162
:101E20000020704701387047002D06BF3546033843
:101E3000073815F0010F07D1013015F4807F02BF7C
:101E4000013015F4C03F0130F0BC0138704700BFCD
:101E5000FFFFFFFFFFFFFFFFFFFFFFFFFFFFFFFF92
:101E6000FFFFFFFFFFFFFFFFFFFFFFFFFFFFFFFF82
:101E7000FFFFFFFFFFFFFFFFFFFFFFFFFFFFFFFF72
:101E800090F800F06DE9024520F007016FF0000CBA
:101E900010F0070491F820F040F049804FF0000462
:101EA0006FF00700D1E9002391F840F000F108003D
:101EB00082FA4CF2A4FA8CF283FA4CF3A2FA8CF375
:101EC0004BBBD1E9022382FA4CF200F10800A4FADC
:101ED0008CF283FA4CF3A2FA8CF3E3B9D1E9042330
:101EE00082FA4CF200F10800A4FA8CF283FA4CF367
:101EF000A2FA8CF37BB9D1E9062301F1200182FA21
:101F00004CF200F10800A4FA8CF283FA4CF3A2FA26
:101F10008CF3002BC6D0002A04BF04301A4612BA34
:101F2000B2FA82F2FDE8024500EBD2007047D1E937
:101F3000002304F00305C4F100004FEAC50514F0C6
:101F4000040F91F840F00CFA05F562EA05021CBF97
:101F500063EA050362464FF00004A9E72DE9F04764
:101F6000DFF874A00646DAF8000098460F4691465E
:101F7000FFF71AFF194B1C6824B365681F2D24DC7A
:101F80005EB96B1C0235DAF80000636044F8257016
:101F9000FFF70CFF0020BDE8F08704EB850101236B
:101FA000C1F88890D4F88821AB401A43022EC4F8B7
:101FB0008821C1F80881E4D1D4F88C211A43C4F8EF
:101FC0008C21DEE7064C1C60D7E7DAF80000FFF74B
:101FD000EDFE4FF0FF30DEE7AC8FFF1F749DFF1F5B
:101FE000E49BFF1F024B13B1024800F005B8704795
:101FF000000000000D4A0100002301461A46184661
:10200000FFF7ACBFF8B5244F0C460646FEF710FBB1
:10201000BB685D68C4F57E610F3125F003054B197F
:1020200023F47F6323F00F03A3F58054B4F5805F9E
:1020300007DB00213046FFF787FCBB682B44984242
:1020400004D03046FEF7FAFA0020F8BD614230466F
:10205000FFF77AFC01300DD0104ABB682D1B45F00C
:1020600001055D60136830461B1B1360FEF7E6FA3E
:102070000120F8BD00213046FFF766FCBA68831ADC
:102080000F2BDEDD43F001035360054B03491B6852
:10209000C01A0860D5E700BF0089FF1F689AFF1FBC
:1020A000088DFF1F002961D0F8B50C460646FEF7E3
:1020B000BFFA54F8042C7B4FA4F1080522F001016B
:1020C00005EB010CB868DCF80430604523F003032D
:1020D00000F08B80D207CCF8043032D454F8082CAE
:1020E000AD1A1144AA6807F1080082426AD00CEBCD
:1020F0000304D4F804E0EC68D4601EF0010FA26081
:1021000000F0978041F001036B60CCF80010B1F54E
:10211000007F35D27868CB080122490901338A4013
:10212000024357F833107A6007EBC302083AC5E957
:10213000021247F83350CD603046BDE8F840FEF754
:102140007DBA0CEB03025268D00710D4194407F192
:102150000800DCF80830834273D0DCF80C20DA6029
:10216000936041F001036B606950D0E7704741F024
:102170000103B1F5007F44F8043CCCF80010C9D34A
:10218000B1F5206F4FEA512348D28B0903F1390092
:1021900003F13802C300F818FB580838984259D0A8
:1021A0005A6822F003028A4202D99B689842F7D10A
:1021B000D868C5E902308560DD603046BDE8F8408A
:1021C000FEF73CBA0CEB03025268D20763D40B440F
:1021D000DCE90212CA60916043F001026A60304695
:1021E000EB50BDE8F840FEF729BA0B44D10707D4FD
:1021F00054F8082CAD1A1344D5E90212CA60916054
:1022000043F001026A60284ABD6012689A4293D87E
:10221000264B30461968FFF7F5FE8DE7142B0AD9D7
:10222000542B1FD80B0B03F16F0003F16E02C30098
:10223000B1E719448DE703F15C0003F15B02C300D1
:10224000A9E741F00103C7E90455C5E902006B6045
:10225000695071E779689210012404FA02F20A4386
:102260007A60A6E7B3F5AA7F06D8CB0B03F1780016
:1022700003F17702C3008EE740F25452934206D82E
:102280008B0C03F17D0003F17C02C30083E74FF464
:102290007E737E227FE741F001036B60CCF8001073
:1022A0004AE700BF0089FF1F0C8DFF1F989AFF1F90
:1022B00082B049B15AB16BB113780B601278101E1D
:1022C00018BF012002B0704701A9002AF3D11046BF
:1022D00002B070476FF00100F4E700BF2DE9F04F46
:1022E000D9B00C460C9190460E93824602F0FAFA51
:1022F000036819931846FFF7C3FD082217900021C1
:1023000028A8FEF737FFA3891F0603D52369002BF2
:1023100000F03F8700232FAA0024CDE92D33CDE91B
:102320001A33CDE91C331393189309930023CDE995
:1023300014342C9291464446A046784BD3F8E4508E
:10234000FFF7E6FA034628A80090424624A9504623
:10235000A847002800F0B080C0F2A680249A252A61
:10236000034601D09844E8E7B8EB0407064640F07E
:10237000A78000234FF0FF328DF887309B460B93E8
:1023800008F1010898F8003008922B25202608F162
:102390000108A3F120025A2A00F2C280DFE812F0FD
:1023A000E602C000C000E102C000C000C0006A0038
:1023B000C000C00008028402C0001302C702C000AF
:1023C000C2025B005B005B005B005B005B005B00CC
:1023D0005B005B00C000C000C000C000C000C000C7
:1023E000C0004301C00089011D02430143014301B4
:1023F000C000C000C000C0001802C000C0009602AB
:10240000C000C000C000B101C000A902C000C000EF
:10241000DD06C000C000C000C000C000C000C00099
:10242000C0004301C0008901E201430143014301AF
:102430007702E2017F00C0008902C0005F02DA0675
:1024400032027F00C000B1017C00B406C000C000B1
:10245000B806C0007C00A3F13002002118F8013B4F
:1024600001EB810102EB4101A3F13002092AF5D908
:102470000B918EE7504602F035FA43681C931846DC
:10248000FFF7FEFC1D900746504602F02BFA8368CA
:102490001A93002F40F0B18598F8003077E798F84C
:1024A00000304BF0200B72E70822002128A8FEF72D
:1024B00061FE0123984440E7B8EB0407064611D0BB
:1024C0002E9B3B442E932D9B0133072BC9E90047DC
:1024D0002D9319DC09F10809099B3B440993002E4F
:1024E0007FF447AF2E9B002B41F001820C9BB3F988
:1024F0000C3013F0400F099B18BF4FF0FF330993C6
:10250000099859B0BDE8F08F0C992CAA504603F0F9
:102510005FFB0028EAD10DF1BC09DDE71C8DFF1F30
:102520001093002BDED000228DF8FC3001238DF8B3
:10253000872007930D920A93089212921692119295
:102540003FAC1BF0020302D00799023107911BF048
:1025500084010F9105D10B9907980F1A002F00F3F2
:1025600082832E9E82B10122C9F804202D9A013265
:1025700001360DF18701072A2E962D92C9F8001019
:1025800000F3BD8309F1080983B12D9B22AA013311
:102590000236C9F80020072B4FF002022E962D9329
:1025A000C9F8042000F3C08309F108090F9B802BB0
:1025B00000F08182089B0A9A9F1A002F00F3BC82C8
:1025C0001BF4807F40F01E820A9BC9F804301E4431
:1025D0002D9BC9F800400133072B2E962D9300F355
:1025E000378309F108091BF0040F05D00B9B079AEC
:1025F0009C1A002C00F3A483099B0B9A07998A422A
:10260000ACBF9B185B180993002E40F0CA820023D0
:102610002D930D9B1BB10D995046FFF743FD0DF116
:10262000BC09444688E610930E9B073323F007014C
:10263000F1E80223CDE91423DDE9142323F000455A
:102640000E9116461046B34B29464FF0FF32FDF768
:102650006BF9002840F0FC84AE4B304629464FF021
:10266000FF32FDF743F9002840F0F284DDE9140160
:1026700000220023FDF730F9002841F038809DF852
:102680008720A54CA54B2BF0800B10994729C8BF7C
:102690001C46002303210D9307910A91089312937E
:1026A00016931193002A3FF44CAF079B0133079315
:1026B00047E7432B109303D01BF0100F00F0518518
:1026C0000E9E082200212AA83FACFEF753FD2AAB3C
:1026D00056F8042B2146504602F0ACF9034601336C
:1026E0000A9001F0C3820A9B0E9623EAE3730793D4
:1026F00000228DF887200D92089212921692119264
:102700001FE70E9F109357F8044B00238DF8873076
:10271000002C00F04D85109B532B00F0D4861BF04D
:102720001003119340F0CF86089B5D1C01F0CC8014
:1027300011991A462046FFF73BFB0D90002801F047
:1027400051830D9B11999DF887200E971B1B0A93AF
:1027500023EAE373079373230891129116910D9165
:1027600010939FE71BF0200F10930E9B3CD0073374
:1027700023F007031A4611465B6851F8082B0E91A7
:102780001946002BC0F20184089B013300F0A88297
:1027900052EA01032BF0800540F0A382089B002B36
:1027A00040F0A482AB46002308930A9358ACFFE0A4
:1027B0000E9B53F8042B0B92002A80F20C840B9A88
:1027C0000E9352420B9298F800304BF0040BDEE56A
:1027D00098F800304BF0080BD9E54BF0100B1BF0CC
:1027E000200F10930E9BC2D11BF0100F40F0FE8300
:1027F0001BF0400F00F0F68333F9042B0E93D11732
:102800000B46BEE70E9B53F8042B0E9347F630039E
:10281000ADF888307820424B18934BF00205002128
:10282000022310900020089C8DF88700601C00F0A7
:10283000A88052EA010025F0800B40F0A180002C16
:1028400040F09586002BAED115F001030A9300F0FD
:10285000C78330238DF85F310DF25F14A8E01BF0C1
:10286000200F40F0E5831BF0100F40F086861BF030
:10287000400F40F07F871BF4007F00F07E860E9BA8
:10288000099953F8042B0E931170444654E598F8B7
:102890000030682B03BF98F801304BF4007B08F13F
:1028A00001084BF0400B72E598F800308DF8875026
:1028B0006DE598F800306C2B03BF98F801304BF0B1
:1028C000200B08F101084BF0100B60E510934BF062
:1028D000100B1BF0200100F04A830E9B073323F0FE
:1028E0000703596853F8082B0E932BF480650023D7
:1028F00098E710934BF0100515F0200100F02883A5
:102900000E9B073323F00703596853F8082B0E93E7
:10291000012387E7FFFFEF7F148901001889010079
:102920002489010098F800304BF0800B2FE54146D8
:1029300011F8013B2A2B01F07F82A3F13002092A12
:10294000884698BF002101F2768118F8013B01EB1F
:10295000810102EB4101A3F13002092AF5D9089166
:1029600017E598F800304BF0010B10E59DF8873023
:10297000002B7FF491AD98F800308DF8876006E564
:102980005D46012B00F0AD81022B58AC1FD1189889
:1029900002F00F031209C35C04F8013D42EA017220
:1029A000090952EA0103F3D158AB1B1BAB460A934A
:1029B0000A9908989DF8872081424FF00003B8BF1C
:1029C00001460D9307911293169311936AE602F054
:1029D0000703D20842EA4172C908303352EA0106BD
:1029E000204604F8013DF2D1E907DDD5302BDBD0DC
:1029F0003023023804F8013C58AB1B1AAB460A934B
:102A00000446D5E7109B652B40F3DC80DDE914011B
:102A100000220023FCF756FF002800F0C8810123A4
:102A2000C9F804302D9BBD4AC9F800200133013696
:102A3000072B2E962D9300F3398509F10809239B66
:102A4000139A934280F2C282179B199A1E44C9E9D5
:102A500000232D9B2E960133072B2D9300F38D839E
:102A600009F10809139B5C1E002C7FF7BCAD102CEC
:102A70002D9BAB4D40F35585324610270C9E05E04B
:102A800009F10809103C102C40F34A85013310323B
:102A9000072BC9E90057CDE92D32F1DD2CAA3146CB
:102AA000504603F095F8002840F08380DDE92D3290
:102AB0000DF1BC09E6E70B9B079A9F1A002F7FF7E1
:102AC00079AD102F2D9B964D23DD324626460C9C6A
:102AD00004E0103F102F09F1080918DD013310320E
:102AE0001021072BCDE92D32C9F80050C9F8041088
:102AF000EFDD2CAA214650460DF1BC0903F068F821
:102B0000002856D1103F102FDDE92D32E6DC344687
:102B1000164601333E44072BCDE92D36C9F8005047
:102B2000C9F8047000F31685089B0A9A9F1A002FB3
:102B300009F108097FF744AD102F2D9B784D22DD58
:102B4000324626460C9C04E0103F102F09F108097C
:102B500017DD013310321021072BCDE92D32C9F8D2
:102B60000050C9F80410EFDD2CAA2146504603F0AE
:102B70002FF8F0B9103F102FDDE92D320DF1BC090F
:102B8000E7DC3446164601333E44072BCDE92D36AB
:102B9000C9F80050C9F8047000F3CD8109F10809A3
:102BA0000EE50C992CAA504603F012F800283FF4C9
:102BB0002EAD0D9B002B3FF499AC0D995046FFF7BD
:102BC00071FA93E4139B012B40F36E812D9FC9F89A
:102BD000004001231F440136072FC9F804302E9608
:102BE0002D9700F3D98109F10809179B199A01372C
:102BF0001E44072FC9E90023CDE92D7600F3D981C2
:102C000009F10809DDE9140100220023FCF75AFE4E
:102C1000002840F06781139B0137013B01341E44BB
:102C2000072FC9F800402D97C9F804302E9600F3FD
:102C30004C8109F108091B9BC9F8043001371E4477
:102C4000072F26ABCDE92D76C9F800307FF7C9AC48
:102C50000C992CAA504602F0BBFF0028A9D12E9E49
:102C60000DF1BC09BFE4102FDDE92D212D4D27DD2D
:102C7000CDE91E381026D046A2460C9C04E0103F39
:102C8000102F09F1080916DD01321031072AC9E9B0
:102C90000056CDE92D21F2DD2CAA214640460DF14A
:102CA000BC0902F095FF002840F0F283103F102F7E
:102CB000DDE92D21E8DC54461E9BC246DDF87C8010
:102CC000C9F8005001327E18072ACDE92D26C9F82F
:102CD000047000F3CC839DF8872009F1080941E4D2
:102CE0005D460A2A71F1000380F029833032012306
:102CF0008DF85F21AB460A930DF25F1458E60C99EC
:102D00001E932CAA504602F063FF00287FF451AFB7
:102D10002E9E1E9B0DF1BC0936E400BF0C860100FF
:102D200064890100548901000C992CAA504602F0D4
:102D30004FFF00287FF43DAF2E9E0DF1BC0935E416
:102D4000102C2D9BB84D1FDDDDF830B0102704E0AE
:102D5000103C102C09F1080916DD01331036072B41
:102D6000C9E90057CDE92D36F2DD2CAA5946504667
:102D70000DF1BC0902F02CFF00287FF41AAF103CC3
:102D8000102CDDE92D36E8DC01332644072BC9E998
:102D90000054CDE92D367FF72FAC0C992CAA504664
:102DA00002F016FF00287FF404AF2E9E24E423993E
:102DB000002940F32783119D139B9D42A8BF1D4608
:102DC000002D0BDD2D9B01332E44072BC9E9004557
:102DD0002E962D9300F3DD8609F10809119F002D31
:102DE000A8BF7F1B002F00F3F481119B1BF4806FA1
:102DF00023440A9340F01482239B139A934203DBEB
:102E00001BF0010F00F0A584179A19991644C9E91F
:102E100000122D9A2E960132072A2D9200F3C686B3
:102E200009F10809139AA518D41A0A9BED1AA542AC
:102E3000A8BF2546002D0DDDC9F800302D9BC9F82F
:102E4000045001332E44072B2E962D9300F3BE869B
:102E500009F10809002DA8BF641B002C7FF7C3AB44
:102E6000102C2D9B714D40F35C83324610270C9E35
:102E700005E009F10809103C102C40F3518301339F
:102E80001032072BC9E90057CDE92D32F1DD2CAA0C
:102E90003146504602F09CFE00287FF48AAEDDE900
:102EA0002D320DF1BC09E6E71BF0010F7FF48EAE69
:102EB0002D9FC9F8004001231F440136072FC9F890
:102EC00004302E962D977FF7B4AE0C992CAA50465D
:102ED00002F07EFE00287FF46CAEDDE92D760DF168
:102EE000BC09A8E6139B5C1E002C7FF7A4AE102C37
:102EF0004E4D40F34C83324610230C9E05E009F101
:102F00000809103C102C40F3418301371032072F81
:102F1000C9E90053CDE92D72F1DD2CAA31465046A6
:102F200002F056FE00287FF444AEDDE92D720DF16B
:102F3000BC091023E5E70C992CAA504602F048FE84
:102F400000287FF436AE2E9E0DF1BC09FFF738BB8A
:102F500015F0100360D115F0400200F073830E9855
:102F600050F8042B0E90194692B201235AE41BF03C
:102F7000100368D11BF0400200F056830E9850F801
:102F8000042B0E90194692B2AFE4524261EB41011C
:102F90005D462D20012346E40C992CAA504602F0F0
:102FA00017FE00287FF405AEDDE92D760DF1BC0992
:102FB0001BE60C992CAA504602F00AFE00287FF46A
:102FC000F8ADDDE92D760DF1BC091BE61BF0010F14
:102FD0003FF409AB38E50E9398F80030FFF7D7B906
:102FE00058ACE5E41BF4007F40F0BD8353F8042B9C
:102FF0000E93D1170B46FFF7C4BB1A9B002B3FF46F
:103000004BAA1A9B1B78002B3FF446AA98F8003075
:103010004BF4806BFFF7BBB90E9B53F8042B0E9358
:103020000123FFF7FFBB00BF548901006489010041
:103030000E9B099853F8041B0E93C217C1E90002B6
:103040004446FFF779B90E9B53F8042B0E934CE4DA
:10305000DDE9140102460B46FCF766FC002840F04F
:103060007586109B612B00F05B85412B00F0AC85D1
:10307000089B0133109B23F02003079300F0638427
:10308000472B04D1089B002B08BF01230893DDE9DF
:1030900014010A46002A4BF48073CDF83CB0C0F20C
:1030A000E1859B46002316461E9307460D93109B11
:1030B000413B252B00F26783DFE813F052046503E0
:1030C0006503650349044E046503650365036503F1
:1030D00065036503650365036503650365036503B0
:1030E00065036503650365036503650365036503A0
:1030F0006503650365036503650365036503650390
:103100006503650349044E0410935D46FFF7F4BB65
:103110001093B74B18931BF0200100F0FC800E9B1E
:10312000073323F00703596853F8082B0E931BF05D
:10313000010F0AD052EA010307D0109B8DF88930A5
:1031400030234BF0020B8DF888302BF4806502237E
:10315000FFF768BB1093FFF7BCBB1093A54B189308
:10316000D9E70E9B012153F8042B07918DF8FC2021
:103170000E930A913FACFFF7BBBA0C992CAA5046AC
:1031800002F026FD00287FF414AD2E9E0DF1BC093F
:1031900068E440215046FCF79BFF0C9B18601861C7
:1031A000002800F060860C9A40235361FFF7B2B804
:1031B000089B0D94062B214628BF0623089422461F
:1031C00007938D4C0E970A93129116911191FFF768
:1031D00069BA102F2D9B894D40F345823246264611
:1031E0000C9C05E009F10809103F102F40F33982CB
:1031F000013310321021072BCDE92D32C9F80050D0
:10320000C9F80410EEDD2CAA2146504602F0E0FC7D
:1032100000287FF4CEACDDE92D320DF1BC09E3E7E7
:10322000139B0A9DCDF83C804A46DDF85890CDF8B6
:1032300028B0E31808931A9FDDF874B0DDF83080E9
:10324000129B10943146B9F1000F2ED083BB013F81
:1032500009F1FF391C9BC2E9003B2D9B0133594406
:10326000072B2E912D935FDC0832089B38785B1B6F
:103270008342A8BF0346002B1E460BDD2D9801306C
:1032800019440728C2E900532E912D9000F356816E
:1032900038780832002EACBF841B0446002C0BDCAF
:1032A0000544129BB9F1000FD0D1002B00F0D4835C
:1032B000129B013B1293CDE7102C2D981DDD10269B
:1032C00004E0103C102C02F1080216DD01304B4BDB
:1032D00010310728C2E90036CDE92D01F1DD2CAA15
:1032E0004146504602F074FC00287FF462AC103C6A
:1032F000102CDDE92D012FAAE8DC01303F4B546092
:1033000021440728CDE92D01136000F3FB833878B1
:1033100008320544C5E71BF0100300F0BC800E9B8B
:1033200053F8042B0E9302E72CAA4146504602F0B4
:103330004FFC00287FF43DAC2E992FAA95E7CDF8DD
:1033400034902F4BDDF86890CDF81C8005F4806731
:103350004FF0000C58AC4FF0CC3B0A9505E00A2A20
:1033600071F1000134D342463146501840F100005B
:10337000A3FB005626F0030505EB9605401B151A26
:1033800061F1000E0BFB05F603FB0E66A5FB038542
:103390002E4408F0010E0525AEFB055E2D184FEA00
:1033A0005808303504F8015C48EAC6780CF1010C85
:1033B000013C7608002FD2D099F800008445CED188
:1033C000BCF1FF0FCBD00A2A71F1000180F0988187
:1033D0000A9DCDF8689058AB1B1BDDF81C80DDF80A
:1033E0003490CDF84CC0AB460A93FFF7E1BA00BF6A
:1033F00024890100388901004C8901006489010099
:10340000CDCCCCCC0123C9F804302D9BBA4AC9F8E5
:10341000002001330136072B2E962D9300F38C816B
:1034200009F10809002940F0BE80139A0BF001034E
:1034300013433FF4D8A8179B19999A19C9E90013A7
:103440002D9B2E920133072B2D9300F36E8209F1F1
:1034500008091399C9F8004001338E18072BCDE9EC
:103460002D36C9F804107FF7BCA8FFF7F1BB0C9903
:103470001E932CAA504602F0ABFB00287FF499ABB8
:103480009DF887202E9E1E9B0DF1BC09FFF76AB8A0
:10349000C246FFF78EBB1BF0400200F0B8800E98CA
:1034A00050F8042B0E90194692B240E60C992CAAC3
:1034B000504602F08DFB00287FF47BAB2E9E0DF171
:1034C000BC09FFF7BCBA2AAE082200213046259479
:1034D000FDF750FE089B5A1C00F0D4800025CDF863
:1034E0001C80CDF834B0A8469B460CE03FA950465E
:1034F00001F0A0FA431C404400F0B883584508DCB2
:1035000000F035848046259A525933460435002A06
:10351000ECD1CDF82880DDF834B0DDF81C80BEE0B9
:10352000164601332644072BC9F80050C9F8044059
:10353000CDE92D367FF755A8FFF78ABB2CAA414667
:10354000504602F045FB00287FF433AB38782E99C3
:103550002FAA9FE60C992CAA504602F039FB0028AE
:103560007FF427AB2E9E0DF1BC09FFF723B8012B8A
:103570005D467FF409AAFFF7B9BB0E9B099953F882
:10358000042B444611600E93FEF7D6BE1646013753
:103590002644072FCDE92D76C9F80050C9F804401C
:1035A0007FF747AB91E4179B19989A19C9E9000373
:1035B0002D9B2E920133072B2D9300F3B68109F139
:1035C00008090029BFF645AF4F4210314B4D80F23C
:1035D000888349461026A1460C9C04E00831103F20
:1035E000102F40F37C8301331032072BC1E90056C2
:1035F000CDE92D32F2DD2CAA2146504602F0E8FA40
:1036000000287FF4D6AADDE92D322FA9E7E70E9B2B
:103610001BF400711ABF114653F8042B53F8042B06
:103620000E9318BFD2B282E50E9B1BF400711ABF35
:10363000114653F8042B53F8042B0E9318BFD2B243
:10364000FFF753B90E9B15F400711ABF114653F8DA
:10365000042B53F8042B0E9318BFD2B20123FFF7AB
:10366000E1B83446164601333E44072BCDE92D36EA
:10367000C9F80050C9F8047000F34A8109F108093B
:10368000FFF7B3BB00231946009625AA504601F068
:10369000F7F9034601330A9000F0E88225940A9B6B
:1036A000002B3DD0632B00F3298100230D933FAC09
:1036B000082200213046FDF75DFD0A9D00962B464D
:1036C00025AA2146504601F0DBF9854240F0C4832B
:1036D0000A990E970023635421EAE1719DF887202F
:1036E00008930791129316931193FEF7DBBF2D22D7
:1036F0008DF88720FEF7C5BF0C86010064890100A4
:103700001D9B1C99E41A1A462046FDF77FFE99F886
:103710000120A54B0AB109F101094FF0000C22E686
:103720000A9B9DF887200E97CDE9073312931693D5
:1037300011930D93FEF7B6BF0C992CAA504602F0D8
:1037400047FA00287FF435AA23992E9E0DF1BC0973
:1037500068E6139A0A99A5186D1AD41AA542A8BF4B
:103760002546FFF777BB13F9042B0E93D1170B46B1
:10377000FFF707B80E9B099953F8042B0E9311809D
:103780004446FEF7D9BD089B0A9302232AA9049157
:1037900025A90A9D039123A900933A463346019532
:1037A0000291504601F0A4FA079B472B044600F013
:1037B000A381462B054405D10378302B00F0B88255
:1037C000239B1D443846314600220023FCF77AF83B
:1037D000002800F066812B461B1B1393079B472B89
:1037E00000F04A81079B462B00F00082239B119337
:1037F000119B079A013B412A239300F023829DF8F5
:1038000040200021002BB8BF119B8DF89820BABF33
:10381000C3F101032D222B22092B8DF8992040F3AF
:103820004F820DF1AF05614E2A46104686FB0321FB
:10383000DA17C2EBA10202EB8201A3EB41013031A6
:1038400000F8011C19466329134600F1FF32ECDC35
:103850003033D9B2831E9D4202F8011C40F2E98246
:1038600013460DF19A0201E013F8011B02F8011B47
:103870009D42F9D10DF1B1030DF19A021B1A1344C7
:1038800026AA9B1A1B93139B1B9A012B1A440A927C
:1038900040F349820A9B179A13440A930F9B0A9A92
:1038A00023F4806343F4807B22EAE27200231293C4
:1038B0000792169311931E9B002B40F0EB809DF80E
:1038C00087200893FEF7EEBE20460E97FEF7D8FA43
:1038D000119B089320EAE071129316930D937323C2
:1038E0009DF887200A9007911093FEF7DBBE0C9994
:1038F0002CAA504602F06CF9FEF7F8BD591C504650
:10390000FCF7E6FB0446002800F0B0810D90CFE6FE
:103910000C992CAA504602F05BF900287FF449A9C3
:103920002E9E0DF1BC09FFF760BA0C992CAA5046E7
:1039300002F04EF900287FF43CA9DDE92D322399ED
:103940000DF1BC093DE606230893FFF7A0BB089BD9
:1039500001330A93022319E7089B0A93032315E70F
:103960003846314623AA01F099F800224FF07F53E0
:10397000FBF740FD0022002306460F46FBF7A2FF9F
:1039800008B1012323930A4B0A93089BCDF84C906E
:10399000013BCDE9118B2546DDF828B0CDF858A0C4
:1039A00098461F940DE000BFCDCCCCCC6766666610
:1039B000388901000022002308F1FF38FBF782FF5D
:1039C000E8B9AE4B002230463946FBF713FD0F46EF
:1039D0000646FBF7BFFF0446FBF7A2FC0B46024678
:1039E00039463046FBF74EFB1BF80430B8F1FF3F79
:1039F000AA46C14605F8013B06460F46DAD1A04B60
:103A0000002230463946DDE9118BCDF84490DDF8CF
:103A10004C90CDE912A4DDF858A01F9CFBF77AFF6B
:103A2000002840F03181964B304639460022FBF7A2
:103A300049FF18B1139BDE0700F12681119B002B73
:103A400007DB119B01332B44302205F8012BAB42DD
:103A5000FBD12B1B1393C1E6109C139BDDF828B000
:103A6000DDF83C801A97E3189D4228BF1D46914619
:103A70000E460A95FFF7C0B9239B1193DD1C02DBAC
:103A8000089A934219DD109B023B109323F0200308
:103A90000793ADE62D2200238DF887200893FEF7CB
:103AA00004BE2A9BAB42BFF497AE30215A1C2A9227
:103AB00019702A9B9D42F9D88EE6119B139A934266
:103AC000C0F2C5800F9B13F0010F119B00F04D81D8
:103AD000179A13440A930F9B590503D5119B002B8A
:103AE00000F356810A9B23EAE3730793672310933D
:103AF000002312931693DEE60F9BDB0700F19F80F5
:103B00002A9B69E62CAA4146504602F061F800283B
:103B10007FF44FA838782E992FAA0544FFF7C1BB30
:103B200078238DF8893030238DF888304BF00203EC
:103B30000F93089B632B00F3ED8000230D933FACA4
:103B4000DDE914121346002B4BF4817B67DB1E4624
:103B5000109B23F02003079300230F461E93109B16
:103B6000612B7FF4A4AA3846314623AA00F096FFC1
:103B700000224FF07F53FBF73DFC00220023064656
:103B80000F46FBF79FFE08B1012323933D4B0A9399
:103B9000FBE60C992CAA504602F01AF800287FF494
:103BA00008A82E9E0DF1BC09FFF718B90C992CAA94
:103BB000504602F00DF800287EF4FBAF239B2E9EAA
:103BC0000DF1BC09FFF72EB95823AAE70C992CAACE
:103BD000504601F0FDFF00287EF4EBAF239C139BC1
:103BE0002E9E1C1B0DF1BC09FFF734B9239A0F9BC5
:103BF0001192002A03F0010340F3088108990B4356
:103C000040F0FD80119B0A93662310930F9B5A0589
:103C100000F1C0800A9B23EAE373079368E7109BD7
:103C200023F020030793DDE9142303F100462D233D
:103C300017461E9393E700220892FEF7AABB0A9D3F
:103C40002544BFE5109A0F32D2B20121DAE5139B69
:103C5000179A9A18119B0A92002B40F38F806723C2
:103C60001093D3E79B4600230D93DCE70C9AB2F93F
:103C70000C3043F040039381FEF73BBC0000304022
:103C80000000E03F24890100129B0A9A2A93D17B0D
:103C900015F8013C8B422A4609D1302002F8010C6C
:103CA0002A9A531E2A9312F8013C9942F6D0392BD6
:103CB0000BBF0A9B01339B7ADBB202F8013CC8E6DA
:103CC000002940F08C8030228DF89A200DF19B0263
:103CD000303302F8013B26ABD31A1B93D3E54C4695
:103CE000894601333A44072BCDE92D32C9F80050FB
:103CF000C9F804707FF7ABAB0C992CAA504601F0C1
:103D000067FF00287EF455AFDDE92D320DF1BC09C7
:103D1000FFF79FBB591C5046FCF7DAF90446002810
:103D2000A4D00D900CE70F9BD8077FF5B7ADB1E598
:103D30003846314600220023FBF7C4FD00287FF4FB
:103D40003FAD0A9BC3F1010323933AE5159B4A4C0F
:103D5000002BB4BF2D229DF88720484BB8BF8DF8AB
:103D600087202BF0800BFEF790BC0A93B3E6089BEC
:103D7000DDF81C80DDF834B00A9390E4C3F1010350
:103D80001A4422EAE273079367230A921093AFE67C
:103D9000672310931A990B78FF2B59D00025119A9D
:103DA000284603E001300131FF2B08D0934206DAA8
:103DB000D21A4B78002BF5D10B780135F4E711922C
:103DC0001A9116901295129A169B1D9913440A9AED
:103DD00001FB03230A9323EAE37307936BE50DF1D9
:103DE0009A0275E7089B07930A9373239DF887202F
:103DF0000E970890129016901093FEF753BC179BE5
:103E0000D518294466230A911093FFE6089A1343B4
:103E100005D101236622079310920A9368E6179B47
:103E20005D1C2A4422EAE273079366230A921093E8
:103E30005EE602231B9326E50E9A98F80130884629
:103E400052F8041B0E9241EAE1710891FEF79FBA05
:103E5000002312931693B6E70C9A938943F040031C
:103E60009381FEF7A6BE0C23CAF800304FF0FF3353
:103E70000993FEF745BB00BF1C89010020890100A2
:103E8000436C70B505460C464BB153F8240080B125
:103E9000026843F824200023C0E9033370BD2122C7
:103EA000042100F053FE034668640028EDD1002091
:103EB00070BD012101FA04F6721D9200284600F03F
:103EC00045FE0028F3D0C0E90146E4E731B1436C78
:103ED0004A6853F82200086043F82210704700BF78
:103EE0002DE9F0410D6907460E461C4601F1140EFE
:103EF0000020DEF800108BB202FB03434FEA134CA4
:103F0000090C02FB01CC01309BB203EB0C43854250
:103F10004EF8043B4FEA1C44EBDC3CB1B368AB42C7
:103F200007DD06EB850301355C6135613046BDE890
:103F3000F081716838460131FFF7A2FF8046A8B1D1
:103F40003269023206F10C0192000C30F7F774FF6F
:103F50007B6C726853F82210316043F82260464649
:103F600006EB850301355C613561DFE7024B0348F1
:103F70004246BA2100F0CAFD748901008889010017
:103F8000020C12040346CAB90304102013F07F4F39
:103F900004BF1B02083013F0704F04BF1B01043034
:103FA00013F0404F04BF9B000230002B05DB13F0E1
:103FB000804F00F1010008BF202070470020E5E796
:103FC000036813F00702014607D0DA071FD49807E9
:103FD00021D55B080B600120704798B2A0B1104654
:103FE000DAB20AB908301B0A1A0704BF1B090430E9
:103FF0009A0704BF9B080230DA0703D45B0800F17C
:10400000010006D00B6070471B0C1020E8E7002071
:104010007047202070479B080B600220704700BF4C
:1040200038B5436C04460D464BB15868B0B10268D0
:104030005A6000220123C0E90435C26038BD212244
:10404000042100F083FD034660640028EDD1094B94
:104050000948002240F2451100F058FD1C220121C0
:10406000204600F073FD0028F1D001220223C0E9B0
:104070000123DEE774890100888901002DE9F04FF2
:104080000E691569AE4285B08846144605DB2A469E
:10409000234635460C4616469846A3686168AF1914
:1040A000BB42B8BF0131FFF7EBFE0190002800F0E2
:1040B0008780019B03F1140909EB870AD14505D2DA
:1040C0004B46002243F8042B9A45FBD808F114080C
:1040D00008EB860B04F11403D8451A4603EB85055B
:1040E0005FD22B1B153B23F0030304331534A54289
:1040F00038BF0423CDE902A7AC461F46924605E02F
:10410000090C29D1C34509F1040948D958F8041B01
:104110008DB2002DF4D056464C46002356F8041BB1
:1041200022681FFA81FE90B2090C05FB0E00120CEA
:10413000034405FB012202EB13429BB243EA024314
:10414000B44544F8043B4FEA1243E7D849F8073036
:1041500058F8041C090CD5D0D9F8003050461A463E
:104160004C4600260588120C01FB052216449BB222
:1041700043EA064344F8043B50F8045B22682D0CE4
:1041800093B201FB053303EB164384454FEA134614
:10419000E8D8C34549F8073009F10409B6D8DDE984
:1041A00002A7002F02DC05E0013F03D05AF8043DCE
:1041B000002BF9D0019B18461F6105B0BDE8F08FB8
:1041C000034B0448019A4FF4B17100F09FFC00BF0B
:1041D000748901008889010012F003032DE9F04180
:1041E0001446064632D10D46A41020D0D6F84080A1
:1041F000B8F1000F33D0E3074FF0000707D4641085
:1042000015D0D8F80000A8B18046E307F7D542469C
:1042100029463046FFF732FFB5B16968736C641008
:1042200053F821202A6043F821500546E9D1284659
:10423000BDE8F081424641463046FFF71FFFC8F80F
:10424000000007608046E0E70546D8E7013B0F4ADB
:1042500052F823200023FFF743FE0546C4E701215F
:104260003046FFF70DFE804640B1012340F2712237
:10427000C0E90432002330640360BCE7044B054806
:10428000424640F2451100F041FC00BFE08A0100C7
:1042900074890100888901002DE9F0470C46904699
:1042A0002669A368496806EB6216751C9D4207469D
:1042B0004FEA621904DD5B009D4201F10101FADC65
:1042C0003846FFF7DDFD8446002851D0B9F1000FD4
:1042D00000F114000EDD09F105024FEA820E0346DB
:1042E0000CEB8202002143F8041B9342FBD1AEF198
:1042F00014031844216904F1140318F01F0803EB98
:1043000081012DD0C8F1200986464FF0000A1A68B5
:1043100002FA08F242EA0A024EF8042B53F8042B80
:10432000994222FA09FAF2D80B1B153B23F003033A
:10433000043304F11502914238BF0423BAF1000F8F
:1043400018BF2E4640F803A07B6C6268CCF8106062
:1043500053F822102160604643F82240BDE8F08700
:10436000043853F8042B40F8042F9942F9D8EBE7AE
:10437000034B044862464FF4EF7100F0C7FB00BFE7
:1043800074890100888901000B6984460069C01A9C
:1043900015D10CF1140C14310CEB830210B401EBA9
:1043A000830301E0944508D252F8044D53F8041DEC
:1043B0008C42F7D004D24FF0FF3010BC70477047EA
:1043C000012010BC704700BF2DE9F84F0F69136939
:1043D000FF1A002F0E4690467FD101F114051432CA
:1043E00002EB830205EB830301E09D4278D253F890
:1043F000041D52F8044DA142F7D069D37168FFF74C
:104400003FFD8146002877D03569D8F81020C76075
:1044100008F1140E06F1140009F1140A06F1100156
:104420000EEB820200EB850756464FF0000C5EF85B
:10443000044B51F804BFA3B21CFA8BFCACEB030392
:104440004FEA144CCCEB1B4C0CEB234C9BB243EAD5
:104450000C43724546F8043B4FEA2C4CE7D8A2EBDC
:104460000801153908F11508424521F0030404F14B
:10447000040438BF0424204421F0030238BF002282
:1044800087425244544418D92646014651F8043B09
:104490001CFA83FC4FEA2C4202EB13421FFA8CFCFD
:1044A0004CEA02438F4246F8043B4FEA224CEDD8D7
:1044B000013F3F1A27F00307E21923B952F8043DE0
:1044C000013D002BFAD0C9F810504846BDE8F88FDE
:1044D000334601274646984690E7F9DB00278DE7EB
:1044E0000021FFF7CDFC814668B101220023C9E914
:1044F00004234846BDE8F88F064B07484A4640F279
:10450000452100F003FB034B03484A4640F23721A4
:1045100000F0FCFA748901008889010070B501215E
:1045200082B016461D46FFF7ABFC044600284AD071
:104530002B46C5F30A55C3F313030DB143F480139F
:10454000002E019314D101A8FFF73AFD019B63618E
:1045500001212030216115B3069BA5F233450544A6
:104560001D60079BC0F135001860204602B070BD89
:1045700068460096FFF724FD08B3019B0099C0F13F
:10458000200203FA02F20A43C34001936261002B46
:1045900014BF02210121A3612161002DDCD104EBB4
:1045A0008102A0F232431069069A1360FFF7E8FC1B
:1045B000079BC0EB41101860204602B070BDDDE9DA
:1045C00000236261E3E7034B0348224640F20F31C8
:1045D00000F09CFA748901008889010070B50029F7
:1045E0004BD006460C4610B1436B002B48D0636E8F
:1045F000D80734D5B4F90C30002B3ED021463046D4
:1046000000F050F8E36A054633B1E1693046984757
:104610000028B8BF4FF0FF35A3891A063CD4216BA0
:1046200041B104F14003994202D03046FDF73AFD12
:1046300000232363616C21B13046FDF733FD002375
:104640006364FCF7B9FC636E0022DB07A2811FD50F
:10465000A06DFDF7A7FBFCF7B5FC284670BDA3894C
:104660009905CBD4A06DFDF79FFBB4F90C30002B5E
:10467000C4D1656E15F0010505D00025284670BD32
:10468000FCF77CFCB3E7A06DFDF790FB284670BDFE
:10469000A06DFDF78BFBDBE721693046FDF702FDDE
:1046A000BDE700BFB1F90C20F8B50C46110707466D
:1046B00042D4636842F40062002BA28159DDA56AEE
:1046C000002D54D000233E683B6093B212F4805218
:1046D00053D1E16901233846A847421C63D0A3891E
:1046E000A56A5B0705D56368C01A236B0BB1E36B42
:1046F000C01AE169024600233846A847411C3ED152
:104700003B68002B3BD01D2B01D0162B52D1A38927
:104710002269226023F4006300216160A381216B80
:104720003E6021B304F14003994202D03846FDF7C0
:10473000B9FC00202063F8BD2669C6B193B2256894
:1047400026609A070CBF63690023AD1BA3600CE0D1
:10475000D4F824C0E1692B4632463846E047B0F130
:10476000000CA5EB0C05664416DD002DF0DC0020E6
:10477000F8BDE36B002BA2DCF9E7206DB1E7B4F9DB
:104780000C302269226023F40063A3810022DB0441
:104790006260C4D52065C2E7A38943F040034FF0AF
:1047A000FF30A381F8BD3B68002B98D01D2B06D0AD
:1047B000162B04D0A38943F04003A381F8BD3E60CB
:1047C000D5E700BF38B50C46054608B1436B03B3C7
:1047D000B4F90C0088B1636EDB0701D481050FD5F5
:1047E00028462146FFF75EFF636EDA07054602D4CE
:1047F000A3899B0508D5284638BD0546284638BDFF
:10480000A06DFDF7D1FAEBE7A06DFDF7CFFA2846D2
:1048100038BDFCF7B3FBDBE710B50C46B1F90E1061
:1048200000F08CF8002803DB236D0344236510BDE2
:10483000A38923F48053A38110BD00BF2DE9F0416B
:104840000C46B1F90C101F46CB05054616460BD495
:1048500021F48051A1813B46B4F90E10324628461E
:10486000BDE8F041FDF782B8B4F90E100223002232
:1048700000F04EF8B4F90C10EAE700BF10B50C4692
:10488000B1F90E1000F044F8A389421C0EBF23F4C6
:10489000805343F480532065A38110BDB1F90E10FD
:1048A00000F024B849B1FF2A02D80A7001207047ED
:1048B0008A2303604FF0FF3070470846704700BFFF
:1048C00071B1034600EB010C01E0634506D01A46C6
:1048D000013311780029F8D1101A7047181A70475F
:1048E00008467047004870470C8EFF1F38B5074DCB
:1048F0000022044608462A60F7F7B8FB431C00D0A4
:1049000038BD2B68002BFBD0236038BD789DFF1F7E
:1049100038B50C46084D8446114620461A460023F9
:104920002B606446F7F7AEFB431C00D038BD2B6804
:10493000002BFBD0236038BD789DFF1F38B50C4697
:10494000084D8446114620461A4600232B606446D3
:10495000F7F78AFB431C00D038BD2B68002BFBD037
:10496000236038BD789DFF1F2DE9F04788B01E46B3
:10497000119D254B80461F68894614466DB3109BD8
:10498000019407A904910321CDE9026300914B46EC
:104990004246384600F0ACF9079B31689842C1F1B5
:1049A00000012B460AD2A1EB000C10F8012B03F8F2
:1049B000012B079A82420CEB0001F6D88C4220DDD5
:1049C000621A1A44302103F8011B9342FBD10023E1
:1049D0001370284608B0BDE8F087BA6C04F12303D1
:1049E0009A4201DDFD6CCAE704F1240AF96C5246D3
:1049F0003846FBF735FE05460028EAD0C7E912A085
:104A0000BDE71A46E3E700BFA88FFF1F38B5074D83
:104A1000074C2C1BA41005D0013C55F8043D9847C9
:104A2000002CF9D1BDE8384004F0DAB800000000ED
:104A30000000000070B5054684B05BB11C4669B14A
:104A40000E4B2846D3F8E0602346B047431C0FD0F6
:104A500004B070BD00F582740029F1D1074A2346E5
:104A6000D2F8E06028460A4601A9B047431CEFD1BE
:104A700000228A2322602B6004B070BD1C8DFF1FB2
:104A800000B583B0DDF810C0CDE9003C4FF0FF3336
:104A900002F03CFC03B05DF804FB00BFDFF860C02F
:104AA000F8B521F000430027634504460D4616463D
:104AB000176022DC844653EA0C0C1ED0DFF844C099
:104AC00001EA0C0C0A46BCF1000F09D10E4B002282
:104AD000FAF790FC6FF0350704460A4621F00043D0
:104AE00022F0FF421B1522F4E002A3F2FE3342F053
:104AF0007F553B4445F40015336020462946F8BDF8
:104B0000FFFFEF7F0000F07F0000504300B50B4C2B
:104B100025681446EE681A4685B003460D464CB12A
:104B200007490095CDE901143046064901F03CF8EB
:104B3000F7F7AEFA04490C46F3E700BFA88FFF1F52
:104B4000EC8A0100FC8A0100AC7E010038B5A1FBB3
:104B500002148CBBFBF7BCFA0546E0B150F8042CFC
:104B600022F00302043A242A17D8132A1AD91B2A3E
:104B7000C0E900441DD9242A14BF00F1100200F13D
:104B800018024FF00003C0E9024404BF046144610D
:104B9000C2E900339360284638BD2146FCF7EAFAA3
:104BA000284638BD02460023C2E9003393602846F8
:104BB00038BD00F10802F6E7FCF7EEFE0C230025F5
:104BC0000360E8E72DE9F04F03690C69A34283B065
:104BD000C0F28880013C01F11405A30000F1140823
:104BE000009355F8243058F8242001338A469A421D
:104BF00008EB8401814605EB84070191B2FBF3F6D3
:104C00003AD34FF0000CAE464046624663465EF82B
:104C100004BB01681FFA8BFC06FB0C334FEA134CF4
:104C20004FEA1B4B06FB0BCC9BB2D31A1FFA8CF23C
:104C300013FA81F3C2EB114202EB23429BB243EA27
:104C40000243774540F8043B4FEA22424FEA1C43B7
:104C5000DDD2009B58F8033073B9019B043B9845A3
:104C600004D307E0984504F1FF3403D253F8042934
:104C7000002AF7D0C9F8104051464846FFF784FB98
:104C800000282BDB01364146002355F8040BD1F8F0
:104C900000C082B29A1A030C12FA8CF2C3EB1C43C6
:104CA00003EB224392B242EA0342AF4241F8042BA3
:104CB0004FEA2343E9D258F8242008EB84036AB969
:104CC000043B984504D307E0984504F1FF3403D230
:104CD00053F80429002AF7D0C9F81040304603B031
:104CE000BDE8F08F002003B0BDE8F08FFFFFFFFFAD
:104CF0002DE9F04F816B99B090469946CDE9048932
:104D0000259D044641B1C26B4A60012393408B60EC
:104D1000FFF7DCF80023A363B9F1000AB4BF012355
:104D200000232B60764BBCBF2AF0004ACDF814A0BC
:104D300033EA0A0300F0AB80DDE90423104619468C
:104D400000220023CDE90A01FAF7BCFD074678B13D
:104D5000249A01231360269B002B00F0AE83694B3D
:104D6000269A1360013B0393039819B0BDE8F08FB6
:104D700016AB019317AB00932046DDE90A23FFF73A
:104D8000CDFB5FEA1A56054640F09780DDE91676BE
:104D90003E4406F23243202B40F3A683C3F1400386
:104DA0000AFA03FA06F2124328FA03F04AEA00006C
:104DB000FAF7A6FA0123013EA1F1F8710F93524BC5
:104DC0000022FAF75FF948A3D3E90023FAF712FBB0
:104DD00047A3D3E90023FAF757F9804630468946BE
:104DE000FAF79EFA44A3D3E90023FAF703FB02463D
:104DF0000B4640464946FAF747F980468946FAF796
:104E0000A9FD00228346002340464946FAF764FD87
:104E1000002840F04583BBF1160F00F234833B4B72
:104E200003EBCB03D3E90023DDE90A01FAF754FDD4
:104E3000002871D00023BF1B0E937B1E0BF1FF3B9C
:104E4000069300F1278300230993BBF1000F6ADA70
:104E5000099BCDF81CB0A3EB0B030993CBF1000326
:104E60000D93229B092B4FF0000B65D8052B40F3C7
:104E70003983043B22930026229B023B032B00F242
:104E80006786DFE813F04E044B0442042504249A9D
:104E9000CAF3130A42F20F735AEA080A13601AD1CE
:104EA000269B002B00F06386194B03930833269A48
:104EB0000398136019B0BDE8F08FDDE90A12C2F360
:104EC0001303084643F07F510F97A6F2FF36169F53
:104ED00041F4401173E7269B002B40F0DB830D4B20
:104EE000039341E7AFF3008061436F63A787D23F2D
:104EF000B3C8608B288AC63FFB799F501344D33FC9
:104F00000000F07F0D8601000000F83F188A0100C4
:104F10002C8B0100388B0100BF1B7B1E069300F118
:104F20007E840E900990069B5B44CDE9063B0023EE
:104F30000D93229B092B99D90023CDE92233012619
:104F40004FF0FF330C960893089B12930021E16306
:104F50002046FEF795FF0390002800F00186039B92
:104F6000A363089B0E2B00F21381002E00F010812A
:104F70000799002940F35584AE4B01F00F0203EB73
:104F8000C2034FEA2118C905D3E9006740F1118433
:104F9000A94BDDE90A01D3E90823FAF755FBCDE96E
:104FA000100108F00F084FF0030AB8F1000F13D0FA
:104FB000DFF8849218F0010F09D030463946D9E95C
:104FC0000023FAF717FA0AF1010A06460F465FEACC
:104FD000680809F10809EDD1DDE9100132463B46C8
:104FE000FAF732FB804689460E9B43B1934B002271
:104FF00040464946FAF770FC002840F02A855046A2
:10500000FAF78EF942464B46FAF7F4F98C4B002238
:10501000FAF73AF8A1F15073CDE910011193089B0A
:10502000002B00F09980079B1493089B13930C9B13
:10503000002B00F0A584139A7E4B8249039E03EB5C
:10504000C20353E902230020FAF7FEFADDE9102338
:10505000FAF718F8CDE9100149464046FAF77AFC0C
:105060000746FAF75DF902460B4640464946FAF70D
:1050700009F830378046894602460B4606F8017B20
:10508000DDE91001FAF746FC002840F02785CDF84D
:1050900054B00027DDE910AB1095139D13942AE05E
:1050A0000137AF4280F22A85674B504659460022AD
:1050B000FAF7A0F9644B002282468B4640464946E7
:1050C000FAF798F989468046FAF744FC0446FAF75D
:1050D00027F902460B4640464946F9F7D3FF3034DC
:1050E00006F8014B52465B4680468946FAF7F4FBC8
:1050F000002840F0F18442464B4650490020F9F721
:10510000C1FF52465B46FAF7E7FB0028C8D0DDE94D
:105110001343109D039A079302E0B24200F0C68445
:10512000B14616F8013D392BF7D00133DBB23370AD
:10513000079B0133079392E15046FAF7F1F8424694
:105140004B46FAF757F93E4B0022F9F79DFFA1F1C4
:105150005073CDE9100111933C4B40464946002263
:10516000F9F790FFDDE9108942464B4606460F46A7
:10517000FAF7D0FB8246002840F0A884424609F1A5
:10518000004330463946FAF7A7FB002840F0458334
:10519000179B002BC0F28C80079A0E2A00F38880A0
:1051A000244B03EBC203D3E900AB239B002B1BDA98
:1051B000089B002B18DC40F02E83244B5046002225
:1051C0005946FAF717F902460B46DDE90A01FAF7E4
:1051D0008DFBDDF820A05646002800F0B982239B05
:1051E000DDF80C80DF43BBE2DDE90A7852465B461E
:1051F00038464146FAF728FAFAF7ACFB814609909F
:10520000FAF78EF852465B46FAF7F4F8039E0B461F
:10521000024641463846F9F735FF09F1300306F8F2
:10522000013B089B012B00F05C8306940127049549
:105230001C462AE0188A0100F08901000000F03FB6
:1052400000001C400000E03F00002440000014402B
:1052500052465B4640464946FAF7F6F9FAF77AFBBA
:105260000546FAF75DF852465B46FAF7C3F8013790
:105270000B46024649464046F9F704FF05F1300364
:10528000A74206F8013B00F02983A54B0022FAF75C
:10529000B1F80022002380468946FAF713FB002864
:1052A000D6D0049D069C079B01330793B146D6E0F8
:1052B0000C9A002A00F00781229A012A40F3948276
:1052C000089B03F1FF380D9B434580F25E820D9BE6
:1052D000CDF83480A8EB03039B444FF00008089BF3
:1052E000002BC0F22F83069A1A440692099A174699
:1052F0001A44099201212046FEF792FE064667B144
:10530000069900290B4608DD099AB942A8BF3B4619
:10531000D21AFF1ACB1A099206930D9B63B10C9B0C
:10532000002B00F0B682B8F1000F00F331820D9B24
:10533000B3EB080240F0168301212046FEF770FE11
:10534000BBF1000F824600F3D480229B012B40F377
:10535000A7814FF000090120BBF1000F40F0D5807C
:10536000069B184410F01F0000F09881C0F1200344
:10537000042B00F3AD8040F02482099B002B05DD57
:1053800029461A462046FEF787FF0546069B002B56
:1053900005DD51461A462046FEF77EFF82460E9BEB
:1053A000002B40F05C81089B002B40F343810C9B59
:1053B000002B40F0C680079B01330793DDF80C807B
:1053C000DDF82090012707E0294600230A22204625
:1053D000FEF786FD0137054651462846FFF7F2FBEA
:1053E000B94500F1300308F8013BEDDC089A002ACA
:1053F000C8BF9346039AD8BF4FF0010B93440027D0
:105400002946012220460493FEF746FF51460546F1
:10541000FEF7BAFF002840F3DC811BF8013C039A39
:105420000BF1FF3B04E05A4500F0EE811BF8013D13
:10543000392B0BF10109F6D001338BF800305146BE
:105440002046FEF743FD56B12FB1B74203D039468F
:105450002046FEF73BFD31462046FEF737FD294644
:105460002046FEF733FD002389F80030249B079A7D
:105470001A60269B002B3FF477AC0398C3F800908A
:1054800019B0BDE8F08F0123BF1B0E937B1E06935E
:105490007FF5D9ACC7F10103099300230693D4E447
:1054A0005846F9F73DFF42464B46FAF70BFA0028FB
:1054B0007FF4B1AC0BF1FF3BADE41A4B03930398BF
:1054C00019B0BDE8F08FDDF83480099F0C9E16E717
:1054D000C0F11C00099B03440993069B0344074445
:1054E00006934AE70126C7E4C3F1200308FA03F054
:1054F0005EE401465A462046FEF76EFE229B012BD3
:10550000824640F3BA814FF00009DAF810300AEB16
:1055100083031869FEF734FDC0F1200020E700BFC7
:10552000000024400C860100314600230A22204658
:10553000FEF7D6FC129B002B064640F3F382CDE922
:105540000783002F00F31A81B9F1000F40F0E381C7
:10555000B046049B039F089903F001027B1E194487
:10556000229B0C92134309910A9351462846FFF758
:1055700029FB314683462846FEF706FF4246514640
:1055800081462046FEF720FFC26801460BF130033A
:10559000002A42D1069028460893FEF7F5FE0699A8
:1055A00004902046FEF792FC049A089B1AB90A99C7
:1055B000002900F0A982B9F1000FC0F2718122998F
:1055C00049EA01090C9951EA090900F06981002AA8
:1055D00000F3BC81099A3B7007F101099742CB4661
:1055E00000F0BA81294600230A222046FEF778FC03
:1055F0004645054631464FF000034FF00A0220466B
:1056000012D0FEF76DFC4146064600230A222046D2
:10561000FEF766FC4F468046A7E720460493FEF758
:1056200055FC049B0122C6E7FEF75AFC4F4606468E
:1056300080469AE7229B022B79DC0C9B002B80D1C1
:10564000079B5146013328460793FFF7BBFADDF865
:105650000CB000F130030BF8013B0027D0E65146B7
:105660002846FEF791FE0028BFF69DAE294600238E
:105670000A222046FEF734FC079B03F1FF380C9BFF
:105680000546002B7FF450AF129B002B40F3438262
:10569000089393E6B64B0393033308E41C2019E701
:1056A000DDE9041200297FF454AEC2F31303002B8A
:1056B0007FF44FAEAF4B1340002B00F00B82099BE1
:1056C00001330993069B013306934FF0010942E62B
:1056D00001230C93239B079A134412930133012B4C
:1056E0001F460893B8BF01270021172FE1637FF7FA
:1056F0002FAC012204235B0003F11400B8421146D1
:1057000002F10102F7D9E16322E401230C93239B08
:10571000002B59DD129308931F46E5E700230C93F5
:10572000D8E700230C93F2E7129BCDE90783089B8F
:10573000002B7FF454AD514605222046FEF7D0FBE6
:10574000014682462846FEF71FFE00287FF747AD38
:10575000039B079F3122984603F8012B01370393DF
:1057600051462046FEF7B2FB7B1CDDF80C900793F8
:10577000CDF80C80002E7FF46EAE70E631463A46CE
:105780002046FEF789FD0646DEE6A3EB0808A6E5FF
:10579000314642462046FEF71FFD2A460146064690
:1057A0002046FEF76BFC294605462046FEF78EFB99
:1057B000BDE5DDE90A234FF0020ACDE91023FFF72A
:1057C000F4BBC0F13C0085E6012323930893FFF767
:1057D000BBBB03D1049BDB073FF51FAED9461BF8CB
:1057E000013D302BFAD02AE60F9A002A00F02D81D5
:1057F00003F23343069ADDF834801A440692099A7C
:1058000017461A44099275E5079B039A01330793DB
:105810003123137013E64FF0000A5646DFE40E9072
:1058200038E600F03D81079A534B564206F00F02CE
:1058300003EBC203D3E90023DDE90A01F9F7DAFD3E
:1058400036118046894600F078814C4F00234FF096
:10585000020AF20706D5D7E90023F9F7CBFD0AF1D2
:10586000010A0123761007F10807F2D1002B3FF45B
:10587000BBAB80468946FFF7B7BB049B002B7FF488
:1058800042AEDDE90412C2F31303002B3FF412AF62
:1058900039E629460D9A2046FEF79EFC05464BE563
:1058A000002A12DD2946012220460493FEF7F4FC6B
:1058B00051460546FEF768FD0028049B40F3188119
:1058C000392B00F0F9800BF13103B94609F8013B9F
:1058D000079B0133374607934646B0E50995069C7A
:1058E000049D02460B46F9F7CFFB52465B468046C5
:1058F0008946FAF70FF860B952465B46404649467A
:10590000F9F7E0FF00283FF4CEAC099BD9077FF5FB
:10591000CAAC039A04E471682046FEF7B1FA074660
:10592000002800F00E81336902339A0006F10C0161
:105930000C30F6F781FA394601222046FEF7ACFC1E
:10594000804606E6DDE908239F1AD3E4392B00F0F0
:10595000B380B9460133B9E7079A01323746079257
:1059600046464DE529462046FEF736FC0546E3E46B
:10597000388B01000000F07F188A0100F0890100D7
:10598000DDF84CA0814901EBCA01DDE9102351E9A2
:105990000201F9F72FFDCDE9100149464046F9F71C
:1059A000D9FF0646F9F7BCFC0B460246494640467D
:1059B000F9F768FB039F53463036012B07F8016B5C
:1059C0008046894600F0B780139E039B1E44704BAF
:1059D000002240464946F9F70DFD89468046F9F711
:1059E000B9FF8246F9F79CFC0AF1300A02460B46E1
:1059F00040464946F9F746FB07F801ABBE428046F0
:105A00008946E4D1634B0022DDE91001F9F73CFB44
:105A100042464B46F9F760FF002864D1DDE91023C8
:105A20005C490020F9F72EFB42464B46F9F772FF1E
:105A300000283FF4ADABB146013E19F8013C302BD4
:105A4000F9D0149B0133079309E5169BC3F1360384
:105A5000D0E6089B002B3FF46FAB129B002B7FF727
:105A600097AB079A013ACDE913324046484B0022E2
:105A70004946F9F7BFFC804689460AF10100F9F76B
:105A80004FFC42464B46F9F7B5FC434B0022F9F771
:105A9000FBFAA1F15073CDE910011193FFF7C7BADA
:105AA000DDE90A894FF0020AFFF79EBA079B01332E
:105AB00007933123FFF73BBB079BBB46013307939B
:105AC000392337460BF8013B4646A8E44FF0000A5D
:105AD00056463DE699463EE4109D139C149B0133C7
:105AE0000793B146BBE4149B039A0793FFF718BBD7
:105AF0007FF4EBAEDA077FF5E8AEE1E6DDF854B00F
:105B0000109D139CFFF744BB392BD5D0B9F1000F82
:105B10003FF7D9AED9E6229B022B3FF705AECDF871
:105B20001C808DE5229B022B3FF7FEAD129BCDF82A
:105B30001C80089305E53E4664E74FF0020AFFF734
:105B400053BA164B16483A4640F2EF21FEF7DEFFF5
:105B50000026E66331462046FEF792F9039050B9DD
:105B60000E4B0F48002240F2AF11FEF7CFFF0D4B56
:105B70000393FFF7F9B8039BA3634FF0FF3312932E
:105B80000893012323960C93FFF702BB188A0100A8
:105B9000000024400000E03F00001C407489010028
:105BA0003C8B01002C8B01000EB410B583B005AB0B
:105BB000064C53F8042B01930146206800F0C4F80A
:105BC00003B0BDE8104003B0704700BFA88FFF1FAF
:105BD0002DE9F04F9368176883B09246002B70D080
:105BE00081468A6808680C46083743E0A38913F4A5
:105BF000906F2ED0D4E90416A0EB010806EB460600
:105C000006EBD67608F1010076102844B042324601
:105C100084BF064632465B0537D511464846FAF73B
:105C200057FA019000283AD042462169F6F704F964
:105C3000A289019B22F4906242F08002A281A6EB2D
:105C4000080203EB08006661A260236120602E4613
:105C5000A84642465946FBF711FADAF80830A2681E
:105C60002068921B40445B1BA2602060CAF8083089
:105C70003BB3083757E902B5002DFAD0AA421646C1
:105C80009046B3D92E46A846E3E74846FAF7E8FC23
:105C900003460028D3D121694846FCF703FAA389BB
:105CA0000C2243F04003C9F800204FF0FF30A381DD
:105CB00000220023CAF80820CAF8043003B0BDE867
:105CC000F08F00200023CAF8043003B0BDE8F08F45
:105CD0002DE9F84F4B6E9C0490462DD593681268C1
:105CE00043B38B46064602F1080959E9025A5FEAB6
:105CF0009A0715D0043D002401E0A7420ED055F8C4
:105D0000041F5A46304601F051FA431C04F10104C5
:105D1000F3D10023C8E90133BDE8F88FD8F8083083
:105D20002AF0030AA3EB0A03C8F8083009F10809AE
:105D3000002BDAD10020ECE701F008F80023C8E9D5
:105D40000133BDE8F88F00BF2DE9F04FC5B00DF16C
:105D5000500A8346039116460021082250461C46ED
:105D60000793FBF707FABBF1000F04D0DBF83430E0
:105D7000002B00F0A186039A536EDB0740F11C85CF
:105D8000B2F90C108AB2950409D4039B41F4005176
:105D900099818AB219465B6E23F400534B66100753
:105DA00040F10481039B1B69002B00F0FF8002F08F
:105DB0001A030A2B00F008810023CDE91933CDE93D
:105DC0000D331BAA0B93189291460C930593B04682
:105DD0004446A64BD3F8E450FBF79AFD224603460F
:105DE00012A9CDF800A05846A847002800F040812D
:105DF000C0F23381129A252A034601D01C44E8E7F9
:105E0000B4EB0806054640F03781002361788DF831
:105E1000433004F1010806934FF0FF371E462B2450
:105E200008F10108A1F120035A2B00F26581DFE897
:105E300013F09F02630163019A026301630163012E
:105E40006A006301630167027702630172028102E3
:105E500063017C025B005B005B005B005B005B003E
:105E60005B005B005B00630163016301630163012D
:105E700063016301630163014602840063016301FE
:105E800063016301630163016301630163016301F2
:105E9000E2006301630163011D026301C402630147
:105EA000630194056301630163016301630163019D
:105EB00063016301630163014602860063016301BC
:105EC0006301B70286007F006301AA026301E70253
:105ED000E400D7027F0063011D027C0072056301AC
:105EE0006301740563017C00A1F13003002218F8FE
:105EF000011B02EB820203EB4202A1F13003092BEA
:105F0000F5D906928EE75846FEF7ECFC43680D93F0
:105F10001846FBF7B5FF0E9005465846FEF7E2FC23
:105F200083680C93002D40F0DF8498F8001077E729
:105F300098F8001046F0200672E746F01006B40606
:105F400040F17881079B073323F007031A4659680D
:105F500052F8083B07920A460029C0F27A84791C5D
:105F600000F0A78526F08001029153EA020100F0BB
:105F700048840A2B72F1000180F0498530338DF896
:105F80000F31029E012304930DF20F14049BBB42B8
:105F9000B8BF3B460293002308939DF84330002B83
:105FA00000F0B880029B01330293B3E0039D584692
:105FB000294601F03FF8002840F05686AA8902F0F1
:105FC0001A030A2B7FF4F8AE0399B1F90E30002BB7
:105FD000FFF6F2AE4B6EDB0702D4970540F1188650
:105FE000039923463246584600F070FE0590059806
:105FF00045B0BDE8F08F46F0100616F0200200F024
:106000002681079B073323F0070319465A6851F886
:10601000083B079126F480610291002100208DF851
:106020004300781C00F00082029820F0800653EABA
:10603000020040F0F881002F40F04385002940F035
:10604000E483029B13F00103049300F020843023C7
:106050008DF80F310DF20F1498E7082200215046F9
:10606000FBF788F801231C44B3E600BF1C8DFF1F1B
:10607000B4EB080605461AD0199B1A9A013332442C
:10608000072BC9E900861A9219931ADD002A00F03D
:10609000B483039918AA5846FFF71AFED8B90DF130
:1060A0006C09059B33440593002D7FF4AEAE1A9B1B
:1060B000002B40F0CA85039B0022B3F90C301992E3
:1060C0000CE009F10809ECE7B346089B1BB10899FD
:1060D0005846FBF7E7FF039BB3F90C30039A526E67
:1060E00012F0010F9AB200F09C80500600F1C885B2
:1060F000059845B0BDE8F08F0029D8D000238DF871
:10610000433001238DF8AC10029304932BAC002391
:1061100008931F4616F00203099302D0029B023334
:10612000029316F084030A9305D1069B029A9D1AE6
:10613000002D00F39482DDE91903411C9DF84320F2
:1061400082B101220133C9F8042007290DF143026D
:10615000CDE91913C9F8002000F36482084609F15B
:1061600008090131099ADAB111AA0233C9F80020ED
:1061700007294FF00202CDE91913C9F8042040F3B2
:106180006982002B00F05883039918AA5846FFF73C
:106190009FFD002899D1DDE919030DF16C09411C1F
:1061A0000A9A802A00F08281049ABD1A002D00F319
:1061B000E081049AC9F8004013440729CDE9191376
:1061C000C9F8042040F36C81002B00F09E820399F3
:1061D00018AA5846FFF77CFD00287FF476AF1A9B7B
:1061E0000DF16C09750705D5069A0299541A002C11
:1061F00000F39582DDE9052102988142ACBF521877
:1062000012180592002B40F0FE8108990023199383
:10621000002900F048815846FBF744FF0DF16C0956
:10622000D6E59C053FF561AF039CA06DFBF7BEFD75
:10623000A2895AE7F006079A00F13E83710640F101
:10624000388332F9043B0792DA17114684E616F0D8
:106250001003079940F0288316F0400000F02083D7
:106260001A4651F8043B07919BB2D3E6079B1A46A6
:1062700000238DF84330134653F8044B0293002C4F
:1062800000F02D84532900F08A8316F0100540F0A9
:1062900086837B1C00F0CC843A4629462046FBF7D7
:1062A00087FD0890002800F0B884031B029A04932D
:1062B00023EAE3732F460792029308956DE643297C
:1062C00002D0F50640F15283079D0822002116A84E
:1062D0002BACFAF74FFF16AB55F8042B2146584666
:1062E000FEF7A8FB03460133049000F0CE84049B24
:1062F000079523EAE373029300238DF8433006E702
:10630000079B53F8042B0692002A80F2BB82069A60
:106310005242CDE9062398F8001046F004067FE5C6
:1063200098F800108DF843407AE598F8001046F090
:10633000800675E5424612F8011B2A2900F0B08458
:10634000A1F13003092B90464FF000073FF66AADEC
:1063500018F8011B07EB870703EB4707A1F1300390
:10636000092BF5D95EE598F8001046F0010657E5CF
:106370009DF84330002B7FF4D8AD202398F800100F
:106380008DF843304CE598F800106C2903BF98F85D
:10639000011046F0200608F1010846F010063FE51E
:1063A00098F80010682903BF98F8011046F40076A9
:1063B00008F1010846F0400632E546F0100302936A
:1063C000029B13F0200200F02582079B073323F085
:1063D000070319465A6851F8083B079101211DE649
:1063E000079A46F00203029352F8043B079247F6DD
:1063F0003002ADF84420A14A0B92022100220DE6A2
:10640000B70600F16782F50600F16183740600F1BA
:10641000EE83B00540F15B83079B059953F8042B8D
:1064200007931170D4E4029601293FF4A2AD02292A
:1064300044AC11D10B9803F00F011B09415C04F827
:10644000011D43EA0273120953EA0201F3D1029ECD
:1064500044AB1B1B049399E503F00701DB0843EAF7
:106460004273D208303153EA0205204604F8011D78
:10647000F2D1029EF307EBD53029E8D03023023861
:1064800004F8013C44AB1B1A029E049304467DE5CC
:10649000049B1B9401221C931A9319920DF16C0911
:1064A00009F108099EE60DF16C0991E4069A029D36
:1064B000551B002D7FF778AE102D40F3D38319467E
:1064C00043460994B846039C37465E469B4607E020
:1064D00000F1020C09F108091046103D102D1FDDD6
:1064E000674BC9F80030421C10311023072ACDE950
:1064F0001921C9F80430EBDD18AA002900F08C80BE
:10650000214630460DF16C09FFF7E2FB00287FF4CD
:10651000DBADDDE91901103D102D00F1010CDFDCD0
:106520005A46099CB3460B463E4647469046544A57
:10653000C9F804502B44BCF1070FCDE919C3C9F8C1
:10654000002040F3A781002B00F02C83039918AAA8
:106550005846FFF7BDFB00287FF4B7AD049ADDE98C
:106560001903BD1A002D00F101010DF16C097FF72F
:1065700020AE102D32DD194643460994B046039CE7
:106580005E4610279B4607E000F1020C09F108095E
:106590001046103D102D1ADD421C394B1031072AD0
:1065A000C9E90037CDE91921EEDD18AA29B3214642
:1065B00030460DF16C09FFF78BFB00287FF484ADAA
:1065C000DDE91901103D102D00F1010CE4DC5A4603
:1065D000099C0B46B346614646469046284AC9F890
:1065E00004502B440729CDE91913C9F8002000F302
:1065F000F38009F108090131DBE54FF0010C084691
:106600000DF16C09C5E7039918AA5846FFF760FB1E
:1066100000283FF4FAAD58E54FF0010C08460DF1A3
:106620006C095AE7002B00F00C81039918AA584610
:10663000FFF74EFB00287FF448ADDDE919030DF1AB
:106640006C09411C8EE5022311AA1C931B920121A7
:106650000DF16C09084609F10809411CA0E5102D4F
:1066600040F3E282DDE91913184643460F94B84619
:10667000039C37465E469B460CE000BF2489010020
:10668000B08B010001F1020C09F108091146103D1F
:10669000102D1DDDB24BC9F800304A1C10301023FC
:1066A000072ACDE91920C9F80430EBDD18AA30B368
:1066B000214630460DF16C09FFF70AFB00287FF4F4
:1066C00003ADDDE91910103D102D01F1010CE1DCE5
:1066D0005A460F9C0346B34660463E4647469046A0
:1066E0009F4AC9F804502B440728CDE91903C9F87B
:1066F000002000F3B68009F10809411C1EE501469F
:106700004FF0010C0DF16C09C1E7760719934AD5DA
:10671000069A0299541A002C45DD0DF16C09102CD3
:1067200040F39D821999039E102506E0881C09F10B
:1067300008091146103C102C1ADD4A1C88481033F9
:10674000072AC9E90005CDE91923EFDD18AA2BB303
:1067500031465846FFF7BCFA00287FF4B6ACDDE9B5
:106760001913103C102C01F101000DF16C09E4DC4F
:106770007B4AC9F8044023440728CDE91903C9F826
:1067800000207FF737AD73B1039918AA5846FFF779
:106790009FFA00287FF499AC1A9B2BE5012019463B
:1067A0000DF16C09C6E7DDE9053202998A42ACBFFA
:1067B0009B185B18059328E5039BB3F90C108F0514
:1067C0008AB23FF5E0AA1D46986DFBF7EDFAB5F9E0
:1067D0000C108AB2FFF7D7BA002B3FF459AE0399D9
:1067E00018AA5846FFF774FA00287FF46EAC19997E
:1067F0001A9B01310DF16C09DBE419920DF16C0962
:106800004FE4002F7FF4BAAB029E0027049744ACFC
:10681000FFF7BCBB029B13F0100354D1029A12F095
:10682000400000F0678107991A4651F8043B079130
:106830009BB20121FFF7F2BB012118460DF16C0953
:10684000AEE4099A002A5ED1184601210DF16C09C7
:10685000A6E45B4262EB420202962D200121FFF783
:10686000DEBB002B00F08D80039918AA5846FFF775
:106870002FFA00287FF429ACDDE919030DF16C092A
:10688000411C5BE498F800100793FFF7C9BA44ACC9
:10689000FFF77CBB09F108090CF10101604683E4B4
:1068A00016F4007240F0918151F8043B0791FFF714
:1068B000B1BBB30500F1828152F8043B0792DA17AD
:1068C0001146FFF749BB079951F8043B0791012195
:1068D000FFF7A4BB079B059853F8041B0793C21747
:1068E000C1E90002FFF774BA0C9B002B3FF41DAB0B
:1068F0000C9B1B78002B3FF418AB98F8001046F463
:106900008066FFF78DBA022311AA1C931B92012007
:106910000DF16C099FE6029652E5124B0B9316F0AF
:1069200020025FD0079B073323F0070318465A68FD
:1069300050F8083B0790F40709D553EA020006D047
:106940008DF84510302146F002068DF8441026F4EB
:10695000806102910221FFF761BB034B0B93DEE7DD
:10696000A08B01002489010038890100079B0121C7
:1069700053F8042B02918DF8AC20079304912BACB3
:10698000BAE49DF84320002A40F02681099A002AA3
:106990007FF459AE184601210DF16C0904E4002181
:1069A000082216A81394FAF7E5FB791C00F0B280D0
:1069B000002507942C460CE02BA95846FEF73AF820
:1069C000421C204400F06181B84208DC00F065817F
:1069D0000446139A525916AB0435002AECD104949C
:1069E000079CA5E016F0100307980CD116F04004A0
:1069F00005D01A4650F8043B07909BB29BE716F46B
:106A0000007240F0D58050F8043B079093E702995C
:106A1000CDF8208001F48066DDF8308004974FF0D7
:106A2000000C44AC05E00A2B72F1000236D33B4661
:106A30002A46DFF890E2991841F10001AEFB01050A
:106A400025F0030000EB9500091A581A4FF0CC35D9
:106A500062F1000705FB00F50EFB0755A0FB0E7069
:106A6000054407F0010E0520AEFB000E40187F081C
:106A7000303004F8010C47EAC5770CF1010C013CF9
:106A80006D08002ECFD098F800106145CBD1BCF135
:106A9000FF0FC8D00A2B72F100026CD244AB1B1B53
:106AA000049FCDF83080029EDDF820800493FFF72C
:106AB0006DBA0296FFF75DBA5846FAF75FFAFFF72C
:106AC0005AB9012902967FF4B2ACFFF757BA079B77
:106AD000059953F8042B11600793FFF779B9062F36
:106AE0003B46029A784C079228BF062304930293F0
:106AF000FFF70DBB029B079913F4007214BF51F806
:106B0000043B51F8043B07911CBF0246DBB2012154
:106B1000FFF784BA16AB00930023194613AA584610
:106B2000FDF7AEFF03460133049000F0AE801394EE
:106B3000049B7BB3632B62DC002308932BAC0822FD
:106B4000002116A8FAF716FB049D16AB009313AAB2
:106B50002B4621465846FDF793FF854240F0AB8017
:106B6000029B049A07930023A3541F4622EAE27370
:106B70000293FFF712BA0E9B0D99E41A1A462046AB
:106B8000FAF744FC98F801300BB108F101084FF016
:106B9000000C4CE7029B0793049B02931F4608934B
:106BA000FFF7FBB9012118460DF16C09FFF7FCBA9C
:106BB00050F8043B07902246DBB2BCE612F9043BD6
:106BC0000792DA171146FFF7C7B951F8043B07914E
:106BD0000246DBB2FFF71EBA01231C9301210DF11F
:106BE00043031B930DF16C090B46FFF7B7BA079BE4
:106BF000059953F8042B07931180FFF7E9B8591C46
:106C00005846F9F765FA044600283ED0089096E702
:106C1000886DFBF7CBF8FFF7E3B9029B0497029767
:106C20000793089FFFF7B9B919981A9B013057E5E8
:106C3000029B07932046FBF723F920EAE0732F46D7
:106C4000049002930895FFF7A8B9039918AA58462B
:106C5000FFF73EF800283FF42EAAFFF73CBA199838
:106C6000013085E58C4662E4039B5B6ED90707D44F
:106C7000039B9B899A0503D4039B986DFBF796F8B9
:106C80004FF0FF330593FFF733BA039AB2F90C3094
:106C900043F040039381FFF721BA079C049747E72D
:106CA000079B98F8011053F8047B0793904647EA36
:106CB000E777FFF7B5B8039A938943F040039381D0
:106CC000FFF703BACDCCCCCC4C890100F0B51F4600
:106CD0008B89ADF26C4D23F00203ADF80C304B6E96
:106CE0001993CB89ADF80E30CB6907934B6A0993A2
:106CF0001AAB009304934FF4806315460646029343
:106D0000059316A800230C460693FBF749F82A467C
:106D10003B4669463046FFF717F8051E07DB694614
:106D20003046FDF74FFD002818BF4FF0FF35BDF886
:106D30000C305B0603D5A38943F04003A38116986A
:106D4000FBF730F828460DF26C4DF0BD9368002B30
:106D500000F081802DE9F04FB1F90C300C46190795
:106D6000804683B0174698B223D523690BB310F041
:106D700002033D682BD04FF0000ADFF8B4B256464C
:106D80005E453346524628BF5B464046002E4FD0F4
:106D9000E169D4F824C0E047002852DDBB681B1A23
:106DA0008244361ABB60002BEAD1002003B0BDE854
:106DB000F08F2146404600F03DF9002840F0348134
:106DC000B4F90C303D6898B210F00203D3D110F042
:106DD000010942D14E463EB38205D4F808B040F1D5
:106DE0008180B3455A4600F2B18010F4906F40F0B4
:106DF000BE80206801924946FAF740F9A368019ADB
:106E0000A3EB0B012368A1601344B2462360002664
:106E1000BB68A3EB0A03D144BB60002BC5D0B4F917
:106E20000C0080B2002ED7D1D5E900960835D2E704
:106E3000D5E900A60835A3E721464046FDF7C2FC88
:106E400080B3B4F90C3043F040034FF0FF30A3811E
:106E500003B0BDE8F08F002070471E46BA46994641
:106E600018461F4666B388B34A46D4E904C320686F
:106E7000A168B24228BF3246604504D901EB030B3A
:106E80005A4500F3A780934264DCE169D4F824C03A
:106E90003A464046E047B0F1000BD2DDB9EB0B09B2
:106EA000CAD00120DAF80830A3EB0B035F44A6EB4D
:106EB0000B06CAF80830002B3FF477AF002ED2D172
:106EC0006E682B460835002EFAD01F6832460A211C
:106ED0003846FAF76DFF002800F09D800130A0EBE6
:106EE0000709C1E720682369984217D86269B2424E
:106EF00014D86FF00043B34228BF3346E16993FBD7
:106F0000F2F3D4F824C002FB03F340464A46E047BC
:106F1000B0F1000A95DDA6EB0A0679E7B345DA463B
:106F200028BFB24652464946FAF7A8F8A368226835
:106F3000A3EB0A035244A3602260002BEBD121464D
:106F40004046FDF73FFC0028E5D07AE72068B346CD
:106F500032464FE739460192FAF790F8019AA36852
:106F60009B1AA360236813442360934696E7236823
:106F70002169A3EB010B636903EB430A0AEBDA7A9D
:106F80000BF101034FEA6A0A33445345524684BF6A
:106F90009A46524643052CD511464046F9F798F8D3
:106FA00000283BD05A4621690190F4F745FFA28999
:106FB000019B22F4906242F08002A28103EB0B005D
:106FC0002361AAEB0B03C4F814A0A3602060B346AE
:106FD00032460FE739465A46FAF750F823685B44C1
:106FE000236021464046FDF7EDFB00283FF456AFF5
:106FF00027E74046F9F734FB03460028DED1216934
:107000004046FBF74FF8B4F90C300C2223F0800314
:10701000C8F8002017E7721C914626E70C22B4F945
:107020000C30C8F800200EE74FF0FF30BEE600BF7E
:1070300000FCFF7F38B5314B1B6805460C4613B189
:107040005A6B002A4ED0B4F90C3018079AB21CD5EE
:10705000216929B312F0010007D00020A060606907
:107060004042A06139B1002038BD950758BF606922
:10707000A0600029F7D1120658BF0846F4D543F0A6
:107080004003A3814FF0FF3038BDD1062ED5520703
:1070900014D4216943F00803A3819AB20029D9D1FD
:1070A00002F42070B0F5007FD4D02146284600F0CD
:1070B0003FF9B4F90C3021699AB2CBE7216B51B199
:1070C00004F14002914204D02846FAF7EBFFB4F9EC
:1070D0000C300022226321690022C4E9001223F04F
:1070E0002403D7E71846F9F749FFACE7092243F034
:1070F00040032A604FF0FF30A38138BDA88FFF1FE7
:107100002DE9F04383B0074688461446FAF700FCA1
:10711000012803D108F1FF33FE2B37D90DF1040903
:10712000424604F15C0349463846FDF783FC421CA5
:10713000064633D028B39DF804C0002509E0236833
:107140005A1C226083F800C00135B54219D219F8E3
:1071500001CFA368013B002BA360F0DAD4F818E05C
:10716000734561462246384602DBBCF10A0FE6D180
:1071700000F04AF9431CE7D10646304603B0BDE8AB
:10718000F0834646304603B0BDE8F0835FFA88FCE2
:107190008DF804C006460DF10409CEE7A3893046F8
:1071A00043F04003A38103B0BDE8F08330B5536ED4
:1071B00013F0010FB2F90C30144683B005469AB2B1
:1071C00001D198051CD5900406D4626E43F4005397
:1071D00042F40052A381626622462846FFF790FFE0
:1071E000636EDA07054602D4A3899B0502D52846BB
:1071F00003B030BDA06DFAF7D9FD284603B030BD0D
:10720000A06D0191FAF7D0FDB4F90C3001999AB252
:10721000D9E700BF2DE9F04F89B0DDE9138A129F4D
:107220000191814603921E46B8F1000F55D0019B93
:10723000002B57D0039B1D68002F63D0741E2EB304
:10724000019B0293043D00260AE0019B13BB2A68C0
:10725000002A35D0BC4557D2013C631C664615D088
:10726000D8F8003055F8042F0093DAF8E0C0D8F8C9
:1072700004B0434605A94846E047421C37D000EB1E
:10728000060CBC45E1D9009BC8E9003B304609B07B
:10729000BDE8F08F00280CDD029B18445A1E05A99A
:1072A00000F1FF3E11F8013B02F8013F7245F9D1B0
:1072B0000290039B1A6804321A602A68002AC9D116
:1072C000019B0BB1039B1A600CF1FF360022304684
:1072D000C8F8002009B0BDE8F08F019B00F5867862
:1072E000002BA7D1039B4FF0FF371D68A6E706468A
:1072F0008A2100223046C9F80010C8F8002009B0E1
:10730000BDE8F08F3E46C1E76646BFE710B584B0E2
:10731000054C069800900798019004480068029474
:10732000FFF778FF04B010BD1C8DFF1FA88FFF1F53
:107330002DE9F0418B890C46990796B008D504F1E8
:1073400043030122C4E90432236016B0BDE8F08192
:10735000B4F90E100029064625DB6A4600F0ACF8A9
:1073600000281FDB019D05F47045A5F50055B5FA11
:1073700085F54FF480686D094FF40067414630464B
:10738000F8F7A6FEE0B1B4F90C30C4F8148043F06D
:10739000800320602061A38135BB3B43A38116B0ED
:1073A000BDE8F081A38913F0800519D04FF04008A3
:1073B0000025414630462F46F8F78AFE0028E2D1E4
:1073C000B4F90C309A05C0D423F0030304F143024E
:1073D00043F002030121C4E90421A3812260B4E740
:1073E0004FF480682F46C9E7B4F90E10304600F01C
:1073F00079F810B9B4F90C30CFE7A38923F003036F
:1074000043F001031BB2C8E7F8B50D461446064623
:1074100010B1436B002B4CD0B4F90C20A369A360CE
:10742000170790B21BD52369CBB1EDB281042F466B
:1074300022D522686169D31A994229DD0133A168F6
:107440000139A160511C2160157062699A4227D0F0
:10745000A389DB0701D50A2D22D03846F8BD214685
:107460003046FFF7E7FD08BBB4F90C20236990B262
:10747000EDB281042F46DCD442F40052A281626E48
:10748000616922F4005262662268D31A9942D5DCFF
:1074900021463046FDF796F940B922680123CEE730
:1074A00021463046FDF78EF90028D6D04FF0FF3741
:1074B000D3E7F9F763FDAFE770B50C46084D034617
:1074C0000026204611461C462E60F4F7D3FD431CCF
:1074D00000D070BD2B68002BFBD0236070BD00BFB7
:1074E000789DFF1F38B5074D0022044608462A60E4
:1074F000F4F7C6FD431C00D038BD2B68002BFBD031
:10750000236038BD789DFF1F2564000025733A2550
:10751000733A257300000000253036642C25342E84
:1075200035662C25342E35662C257500476F6F6423
:107530005478000054784661696C000050636B45D4
:10754000727200FF52656347726F756E64000000CF
:1075500070696E670000000067726F756E64506935
:107560006E67506F6E670000706F6E6700000000FE
:10757000544700005447676E640000005447676E2C
:107580006452657100000000474E44446F776E41BD
:107590007070656E6400FFFF526563426C75650034
:1075A00054475F426C756500426C7565446F776E39
:1075B000417070656E640000426C756550696E675D
:1075C000506F6E6700FFFFFF526563576972650079
:1075D00054475F576972650057697265446F776EEB
:1075E000417070656E6400005769726550696E671E
:1075F000506F6E6700FFFFFF52656347484F554C61
:107600000000000041636B0041636B5F47484F55CA
:107610004C00000047484F554C446F776E417070E6
:10762000656E6400496E6350636B46726F6D200037
:107630004F76657273697A6564204D65737361670F
:10764000653A20002C000000657272006E61766D54
:107650006F64655F636F6E665F6661696C000000F2
:107660006974776F726B656400FFFFFF4249545382
:107670007265763400000000494E49545F4750530C
:107680005F4C4F4700000000494E49545F52585F1D
:107690004C4F4700494E49545F54585F4C4F470088
:1076A0004D6164654C6F677300000000494E49549A
:1076B0005F4C4F475F4C4F4700000000496E6974B4
:1076C000000000005374617274696E67206D6F640E
:1076D000656D2E2E2E000000426567696E20666182
:1076E000696C65643A206572726F72200000000058
:1076F0004E6F206D6F64656D20646574656374659D
:10770000643A20636865636B20776972696E672EDF
:10771000000000004D6F64656D20737461727465C4
:10772000640000004D6F64656D537461727465642C
:10773000000000005369676E616C5175616C69747B
:1077400079206661696C65643A206572726F722097
:107750000000000046726F6D203020746F20352CC1
:10776000207369676E616C207175616C2069733A72
:10777000200000004D6F64656D4353513A000000D6
:107780004750535F4163717569736974696F6E5FC8
:107790005068617365000000547279696E674750E4
:1077A00053000000476F744C6F636B006770735039
:1077B00061636B6574202000676F744C6F636B00AE
:1077C000547279696E6720746F2073656E642074DB
:1077D0006865206D6573736167652E202054686944
:1077E00073206D696768742074616B6520736576BA
:1077F0006572616C206D696E757465732E0D0A007B
:1078000073656E6453424454657874206661696C94
:1078100065643A206572726F72200000547279209C
:10782000616761696E2077697468206120626574A0
:107830007465722076696577206F662074686520AC
:10784000736B792E00000000537563636573732CAE
:107850002073656E74203D2000000000456E746545
:1078600072696E674C6F6F7000FFFFFF6469736130
:10787000726D00005061796C6F61642044697361BE
:10788000726D6564000000005341464544000000ED
:1078900061726D005061796C6F61642041726D6539
:1078A0006400000064726F70000000006F70656E0D
:1078B0000000000044524F5000000000554E41525D
:1078C0004D45445F44524F505F415454454D5054D0
:1078D000000000004E4F545F41524D4544000000EF
:1078E00073657472617465006661737400000000F2
:1078F0005345545F524154455F4641535400000084
:107900002C7246006E6F726D000000005345545F8C
:10791000524154455F4E4F524D0000002C724E00B4
:10792000736C6F77000000005345545F524154451B
:107930005F534C4F570000002C7253006C616E6413
:10794000000000005345545F524154455F4C414E86
:10795000444544002C724C006770735F7265736518
:1079600074000000544553545F53554343455353EB
:1079700000000000544553545F5041535300000031
:10798000676E645F7465737400000000676E645F07
:10799000636865636B000000626C75655F74657396
:1079A00074000000626C75655F636865636B00005E
:1079B000424C55455041535300000000426C7565E0
:1079C0005061737300000000426C75655061737301
:1079D0004661696C000000002C426C756550617353
:1079E00073000000474E445041535300474E4450EB
:1079F0004153534661696C004641494C0000000008
:107A000057495245504153530000000057495245D1
:107A1000504153535F4641494C00000047484F5581
:107A20004C5041535300000047484F554C50415370
:107A3000535F4641494C00FF435351206572726FBA
:107A40007220636F6465203D20000000253036649D
:107A50002C25342E34662C25342E34662C257500C6
:107A6000446F776E417474656D70743A2000000045
:107A70004C6F6F702053656E64696E670000000084
:107A80005342442073656E64207265636569766550
:107A900020636F6D706C657465642077697468200D
:107AA00072657475726E20636F64653A2000000021
:107AB00053656E64204572726F723A202000000098
:107AC0000900FFFF00000000000000008DC0000062
:107AD000A1B80000590400005D0400008DC0000042
:107AE0008DC000008DC000000000000000000000FC
:107AF000C10900009909000059040000850900002F
:107B0000450A000039090000C90800000000000013
:107B100000000000C109000099090000590400009C
:107B200085090000450A000039090000C908000065
:107B30000000000000000000DD0A0000A1060000B7
:107B40005904000069070000DD06000091070000ED
:107B50003D070000850D00002D0E00000000000014
:107B600000000000310B0000710B00002109000033
:107B7000AD090000910A0000E10800007109000051
:107B8000ED040000DD0B0000E9070000050800001F
:107B900075040000610400009D040000F908000065
:107BA000210800007905000031060000C105000031
:107BB00029050000F509000054582E4C4F470000DD
:107BC00052582E4C4F4700004556454E542E4C4FB0
:107BD000470000004750532E4C4F4700B562060146
:107BE0000800F004000000000000033FB562060139
:107BF0000800F001000000000000002AB562060144
:107C00000800F0020000000000000131B56206012A
:107C10000800F0030000000000000238B562060111
:107C20000800F0050000000000000446B5620601EF
:107C30000800F0000001000000000028B5620608FE
:107C40000600E8030100010001390000B5620608E2
:107C50000600C80001000100DE6A0000B5620608E7
:107C600006006400010001007A120000B5620600FF
:107C7000140001000000D00800008025000007006B
:107C8000030000000000A2B5B56206001400010068
:107C90000000D008000000C201000700030000003F
:107CA0000000C07EB5620600140001000000D0088C
:107CB000000000100E0007000300000000001B5A27
:107CC000B56206242400FFFF060300000000102711
:107CD00000000500FA00FA0064002C01000000001A
:107CE0000000000000000000000016DCB562062461
:107CF00000002A84B56206090D0000000000FFFFA5
:107D0000000000000000031DAB0000002C474E44A3
:107D10000000000000000000000000002C57697205
:107D20006500000000000000000000002C47484FE4
:107D3000554C000000000000000000FF00000000A3
:107D40000000000029350000793500000000000027
:107D5000000000008135000025350000506F776578
:107D600072696E67206F6E206D6F64656D2E2E2EAA
:107D70000D0A0000506F776572696E67206F666646
:107D8000206D6F64656D2E2E2E0D0A003E3E200084
:107D9000257500FF53424452494E4720616C65727D
:107DA00074207365656E210D0A00FFFF57616974C9
:107DB000696E6720666F7220726573706F6E73658F
:107DC000200000003C3C200041542D4D5353544DA5
:107DD0000D0000002D4D5353544D3A20000000007B
:107DE0004F4B0D0A00FFFFFF41542B43474D520DEF
:107DF0000000000043616C6C2050726F6365737308
:107E00006F722056657273696F6E3A2000FFFFFF34
:107E100041542B4353510D002B4353513A00FFFF64
:107E200041542B53424449580D0000002B53424407
:107E300049583A20000000002C2000FF5B42696E88
:107E40006172792073697A653A0000005B6373752B
:107E50006D3A000041542B53424452420D00FFFF43
:107E6000696E7465726E616C53656E6452656365AC
:107E70006976650D0A0000002062797465735D0003
:107E8000436865636B73756D3A0000005342444963
:107E900058204D4F20636F64653A20005342444997
:107EA000582073756363657373210D0A0000000029
:107EB000496E636F6D696E67206D65737361676589
:107EC000210D0A00534244495820666174616C21B7
:107ED0000D0A000057616974696E6720666F722031
:107EE00053424449582072657472792E2E2E0D0A21
:107EF0000000000057616974696E6720666F722028
:107F00004D5353544D2072657472792E2E2E0D0AE6
:107F10000000000053424449582074696D656F7534
:107F200074210D0A0000000041542B534244574273
:107F30003D00000052454144590D0A00300D0A0D24
:107F40000A4F4B0D0A00000041542B534244575432
:107F50003D0D000041542B53424457540D00FFFF88
:107F60004E6F206D6F64656D206465746563746524
:107F7000642E0D0A0000000052696E6720616C6576
:107F80007274732061726500204E4F54000000002F
:107F900020656E61626C65642E0D0A0041542B539E
:107FA00042444D54413D310D0000000041542B53DB
:107FB00042444D54413D300D00000000556E6B6E43
:107FC0006F776E2046572076657273696F6E0D0A63
:107FD000000000004669726D7761726520766572F7
:107FE00073696F6E20697320000000004D53535475
:107FF0004D20776F726B61726F756E6420697300CC
:1080000020656E666F726365642E0D0A00000000C5
:10801000496E7465726E616C426567696E3A207371
:10802000756363657373210D0A00000041540D00F0
:1080300043616C6C696E6720696E7465726E616C09
:10804000426567696E0D0A00415445310D0000001C
:1080500041542644300D00004154264B300D00FFA2
:108060004880010050800100588001005342445272
:10807000494E470D0A00FFFF00000000000000000D
:10808000D54A0000D94C00009D4C0000E54B000093
:10809000494C0000914B0000114D0000894E00003A
:1080A000CD4D0000C54E00004465766963652069CA
:1080B0007320746F6F20736D616C6C0D0A0000008B
:1080C00057726974696E67204641542000000000B1
:1080D00057726974696E6720757063617365207487
:1080E00061626C650D0A000057726974696E6720E1
:1080F000726F6F740D0A0000466F726D61742064B8
:108100006F6E650D0A000000466F726D6174206627
:1081100061696C65640D0A00455846415400FFFFD3
:1081200042616420636C757374657220636F756E51
:10813000740D0A004361726420697320746F6F20AC
:10814000736D616C6C2E0D0A00000000466F726D3D
:10815000617420446F6E650D0A000000466F726DF9
:108160006174204661696C65640D0A0000000000BE
:108170000000000059970000659700005D9700001F
:1081800075970000A99F0000699E0000FD9E0000F9
:10819000F19C0000DD9D000055A2000045A00000FC
:1081A00039A10000FF0078018001430288018701A6
:1081B0008C018B01920191019501F60199019801C1
:1081C0009A013D029E012002A801A701AD01AC0168
:1081D000B001AF01B901B801BD01BC01BF01F70198
:1081E000C601C401C901C701CC01CA01DD018E016C
:1081F000F301F101F501F4013A02652C3C023B0266
:108200003E02662C42024102530281015402860161
:108210005602890157028A0159028F015B029001BF
:10822000600293016302940168029701690296015A
:108230006B02622C6F029C0172029D0175029F010C
:108240007D02642C8002A6018302A9018802AE018E
:10825000890244028A02B1018B02B2018C024502FA
:108260009202B7017B03FD037C03FE037D03FF0342
:10827000AC038603C203A303CC038C03CD038E039C
:10828000CE038F03F203F903F803F703FB03FA03AA
:10829000CF04C0047D1D632C511F591F531F5B1F4A
:1082A000551F5D1F571F5F1F781FF81F791FF91F8C
:1082B000B31FBC1FCC1FC31FE51FEC1FFC1FF31F08
:1082C0004E21322184218321612C602C762C752C47
:1082D0006100E01AE000E017F800E007000101305B
:1082E00032010106390101104A01012E790101060E
:1082F00082010104A0010106B3010104CD010110B6
:10830000DE010112F8010128220201124602010ACF
:10831000AD03DB03B103E011C303E009D803011887
:108320003004E0205004B010600401228A040136B9
:10833000C104010ED00401446105D026001E01963F
:10834000A01E015A001F0808101F0806201F080859
:10835000301F0808401F0806601F0808701F4A02E7
:10836000721F5604761F64027A1F70027C1F7E0201
:10837000801F0808901F0808A01F0808B01F0802E7
:10838000D01F0802E01F08027021F010D024E61A66
:10839000302CD02F672C0106802C0164002D002684
:1083A00041FFE01A02000300040005000600080077
:1083B0000A000C00100014001800200028003800EB
:1083C000400060008000C0000001800100028002C7
:1083D0000003FFFF0000008000000180000000009B
:1083E00000000280000001000110000000000200F7
:1083F0000110010003200000010002000320010021
:1084000004300000032002000320030005400000A8
:108410000540010006500000065001000760000002
:10842000076001000870000007600200087001008A
:108430003C80044000100000041A0000FF7F000090
:1084400011100000F5AC00000C0800000002000054
:10845000000200000B0700004002000000020000C4
:108460000D0E000040020000000200000A02090692
:10847000141715160F000000000200000002000093
:1084800000020000000200000002000000020000E4
:1084900000020000000200000002000001010202D0
:1084A00004040808100000004750524D430000002B
:1084B000474E524D430000004750474741000000DF
:1084C000474E4747410000FF000000000000000049
:1084D00009B500002DB50000BDB50000B9B500001C
:1084E000B5B50000B1B50000ADB50000D1B40000D5
:1084F0008DB5000089B5000081B5000079B5000098
:1085000071B5000061B5000051B500004DB5000027
:1085100045B500003DB50000B1B40000B9B400009D
:10852000C1B40000C9B4000015B50000FDB40000DE
:108530000000000000000000F9B500001DB60000BA
:10854000ADB60000A9B60000A5B60000A1B60000B7
:108550009DB60000C1B500007DB6000079B60000F0
:1085600071B6000069B6000061B6000051B60000A7
:1085700041B600003DB6000035B600002DB6000043
:10858000D1B60000F1B6000011B70000B1B600008E
:1085900005B60000EDB5000000000000000000007E
:1085A00069B700008DB700001DB8000019B80000C1
:1085B00015B8000011B800000DB8000031B7000078
:1085C000EDB70000E9B70000E1B70000D9B700003F
:1085D000D1B70000C1B70000B1B70000ADB70000CF
:1085E000A5B700009DB7000041B8000061B80000C9
:1085F00081B8000021B8000075B700005DB7000029
:108600001F1C1F1E1F1E1F1F1E1F1E1F30000000CD
:108610003100FFFF4008FE4340A004404408FE43F1
:1086200044A004400018FE4300C004403000FE4354
:10863000309004403400FE43349004401C18FE4344
:108640001CC004401018FE4310C004400818FE432C
:1086500008C004400C18FE430CC004400C10FE433C
:108660000CB004401010FE4310B004401810FE433C
:1086700018B004401C10FE431CB004401410FE430C
:1086800014B004400418FE4304C004400010FE432C
:1086900000B004400008FE4300A004400408FE436C
:1086A00004A004400C08FE430CA004400808FE434C
:1086B00008A004401418FE4314C004401818FE43D8
:1086C00018C004400410FE4304B004400810FE43E8
:1086D00008B004401400FE43149004404C08FE43CC
:1086E0004CA004400420FE4304D004402410FE4368
:1086F00024B004402010FE4320B004402810FE4364
:1087000028B004402C10FE432CB004400020FE434F
:1087100000D004404808FE4348A004401000FE4337
:1087200010900440000000000000000075EA000006
:108730006DEA000069EA000065EA000061EA0000F5
:108740005DEA000059EA000055EA0000000100005F
:10875000A088FF1F12000000000200005C88FF1FBD
:108760004300000000030000B488FF1F0000000069
:1087700001030904B888FF1F000000000203090478
:10878000D088FF1F0000000003030904E888FF1FD2
:1087900000000000000000000000000000000000D9
:1087A00000151915303132333435363738396162B6
:1087B000636465666768696A6B6C6D6E6F70717211
:1087C000737475767778797A00FFFFFF4C435F43C7
:1087D0004F4C4C41544500004C435F435459504565
:1087E000000000004C435F4D4F4E4554415259002C
:1087F0004C435F4E554D4552494300004C435F5436
:10880000494D45004C435F4D455353414745530047
:108810000020202020202020202028282828282050
:108820002020202020202020202020202020202048
:1088300020881010101010101010101010101010B0
:1088400010040404040404040404041010101010A0
:10885000101041414141414101010101010101016A
:1088600001010101010101010101010110101010BC
:10887000101042424242424202020202020202023C
:108880000202020202020202020202021010101090
:1088900020000000000000000000000000000000B8
:1088A00000000000000000000000000000000000C8
:1088B00000000000000000000000000000000000B8
:1088C00000000000000000000000000000000000A8
:1088D0000000000000000000000000000000000098
:1088E0000000000000000000000000000000000088
:1088F0000000000000000000000000000000000078
:108900000000000000000000000000000000000067
:1089100000FFFFFF494E4600696E66004E414E0063
:108920006E616E003031323334353637383961623A
:108930006364656600000000303132333435363709
:10894000383941424344454600000000286E756CAA
:108950006C2900FF20202020202020202020202003
:108960002020202030303030303030303030303047
:108970003030303042616C6C6F63207375636365B7
:1089800065646564000000002F566F6C756D65733B
:108990002F646174612F6A656E6B696E732F776FD8
:1089A000726B73706163652F474E552D746F6F6CDA
:1089B000636861696E2F61726D2D31312F7372633F
:1089C0002F6E65776C69622D63796777696E2F6E9C
:1089D00065776C69622F6C6962632F7374646C696C
:1089E000622F6D707265632E6300FFFFFFFFFFFF54
:1089F0000080E03779C34143176E05B5B5B893469B
:108A0000F5F93FE9034F384D321D30F94877825A66
:108A10003CBF737FDD4F1575000000000000F03F84
:108A20000000000000002440000000000000594049
:108A30000000000000408F40000000000088C3409C
:108A400000000000006AF8400000000080842E4111
:108A500000000000D01263410000000084D797415D
:108A60000000000065CDCD41000000205FA0024263
:108A7000000000E876483742000000A2941A6D42D8
:108A8000000040E59C30A2420000901EC4BCD642CB
:108A900000003426F56B0C430080E03779C3414376
:108AA00000A0D8855734764300C84E676DC1AB43EC
:108AB000003D9160E458E143408CB5781DAF15440A
:108AC00050EFE2D6E41A4B4492D54D06CFF08044E5
:108AD000F64AE1C7022DB544B49DD9794378EA44FA
:108AE00005000000190000007D0000002C206675C4
:108AF0006E6374696F6E3A200000000061737365E5
:108B00007274696F6E2022257322206661696C651C
:108B1000643A2066696C6520222573222C206C69DA
:108B20006E65202564257325730A00FF496E66690A
:108B30006E697479000000004E614E002F566F6C14
:108B4000756D65732F646174612F6A656E6B696EF4
:108B5000732F776F726B73706163652F474E552D5E
:108B6000746F6F6C636861696E2F61726D2D313146
:108B70002F7372632F6E65776C69622D63796777E7
:108B8000696E2F6E65776C69622F6C6962632F73F3
:108B900074646C69622F64746F612E6300FFFFFF61
:108BA00020202020202020202020202020202020C5
:108BB00030303030303030303030303030303030B5
:108BC000F8B500BFF8BC08BC9E467047E51F010021
:108BD00035040000211D00002D390000ED4F00007C
:048BE000F8B500BF25
:088BE4008C64FF7F010000001A
:108BEC00000000002A000000C87B0100000080BFCC
:108BFC00000080BFFFFFFFFFFFFFFFFFFFFFFFFF36
:108C0C00387B010000000000E803000000000000B9
:108C1C0000000000D47B010060EA0000387B0100FA
:108C2C0000000000E803000000000000000000004D
:108C3C00C07B0100387B010000000000E80300004D
:108C4C000000000000000000B87B010000C00240E2
:108C5C003084010000000000000000000000000053
:108C6C0000000000000000000000000000000000F8
:108C7C0000000000000000000000000000000000E8
:108C8C0000000000D084010000000000E803000098
:108C9C0000000000D5E00000388501000000000055
:108CAC00E803000000000000D9E00000A0850100EE
:108CBC0000000000E803000000000000DDE0000000
:108CCC007C9DFF1F280000001A00000040000000DF
:108CDC004000000001000000280000001A00000005
:108CEC004000000009000000280000000A000000FD
:108CFC00280000001A0000004000000028000000BE
:108D0C00080101012C87010000000000E8030000AD
:108D1C0000000000FFFFFFFF010A040009024300EE
:108D2C00020100C032090400000102020100052406
:108D3C00001001052401010104240206052406008B
:108D4C00010705820310004009040100020A00001B
:108D5C0000070503024000000705840240000000E4
:108D6C001201100102000040C016830475020102BA
:108D7C000301000004030904180354006500650096
:108D8C006E00730079006400750069006E006F005E
:108D9C00160355005300420020005300650072007A
:108DAC00690061006C0000000C0300000000000072
:108DBC0000000000000000000000000000000000A7
:108DCC0000000000000000000089FF1F0089FF1F49
:108DDC000889FF1F0889FF1F1089FF1F1089FF1FBB
:108DEC001889FF1F1889FF1F2089FF1F2089FF1F6B
:108DFC002889FF1F2889FF1F3089FF1F3089FF1F1B
:108E0C003889FF1F3889FF1F4089FF1F4089FF1FCA
:108E1C004889FF1F4889FF1F5089FF1F5089FF1F7A
:108E2C005889FF1F5889FF1F6089FF1F6089FF1F2A
:108E3C006889FF1F6889FF1F7089FF1F7089FF1FDA
:108E4C007889FF1F7889FF1F8089FF1F8089FF1F8A
:108E5C008889FF1F8889FF1F9089FF1F9089FF1F3A
:108E6C009889FF1F9889FF1FA089FF1FA089FF1FEA
:108E7C00A889FF1FA889FF1FB089FF1FB089FF1F9A
:108E8C00B889FF1FB889FF1FC089FF1FC089FF1F4A
:108E9C00C889FF1FC889FF1FD089FF1FD089FF1FFA
:108EAC00D889FF1FD889FF1FE089FF1FE089FF1FAA
:108EBC00E889FF1FE889FF1FF089FF1FF089FF1F5A
:108ECC00F889FF1FF889FF1F008AFF1F008AFF1F08
:108EDC00088AFF1F088AFF1F108AFF1F108AFF1FB6
:108EEC00188AFF1F188AFF1F208AFF1F208AFF1F66
:108EFC00288AFF1F288AFF1F308AFF1F308AFF1F16
:108F0C00388AFF1F388AFF1F408AFF1F408AFF1FC5
:108F1C00488AFF1F488AFF1F508AFF1F508AFF1F75
:108F2C00588AFF1F588AFF1F608AFF1F608AFF1F25
:108F3C00688AFF1F688AFF1F708AFF1F708AFF1FD5
:108F4C00788AFF1F788AFF1F808AFF1F808AFF1F85
:108F5C00888AFF1F888AFF1F908AFF1F908AFF1F35
:108F6C00988AFF1F988AFF1FA08AFF1FA08AFF1FE5
:108F7C00A88AFF1FA88AFF1FB08AFF1FB08AFF1F95
:108F8C00B88AFF1FB88AFF1FC08AFF1FC08AFF1F45
:108F9C00C88AFF1FC88AFF1FD08AFF1FD08AFF1FF5
:108FAC00D88AFF1FD88AFF1FE08AFF1FE08AFF1FA5
:108FBC00E88AFF1FE88AFF1FF08AFF1FF08AFF1F55
:108FCC00F88AFF1FF88AFF1F008BFF1F008BFF1F03
:108FDC00088BFF1F088BFF1F108BFF1F108BFF1FB1
:108FEC00188BFF1F188BFF1F208BFF1F208BFF1F61
:108FFC00288BFF1F288BFF1F308BFF1F308BFF1F11
:10900C00388BFF1F388BFF1F408BFF1F408BFF1FC0
:10901C00488BFF1F488BFF1F508BFF1F508BFF1F70
:10902C00588BFF1F588BFF1F608BFF1F608BFF1F20
:10903C00688BFF1F688BFF1F708BFF1F708BFF1FD0
:10904C00788BFF1F788BFF1F808BFF1F808BFF1F80
:10905C00888BFF1F888BFF1F908BFF1F908BFF1F30
:10906C00988BFF1F988BFF1FA08BFF1FA08BFF1FE0
:10907C00A88BFF1FA88BFF1FB08BFF1FB08BFF1F90
:10908C00B88BFF1FB88BFF1FC08BFF1FC08BFF1F40
:10909C00C88BFF1FC88BFF1FD08BFF1FD08BFF1FF0
:1090AC00D88BFF1FD88BFF1FE08BFF1FE08BFF1FA0
:1090BC00E88BFF1FE88BFF1FF08BFF1FF08BFF1F50
:1090CC00F88BFF1FF88BFF1F008CFF1F008CFF1FFE
:1090DC00088CFF1F088CFF1F108CFF1F108CFF1FAC
:1090EC00188CFF1F188CFF1F208CFF1F208CFF1F5C
:1090FC00288CFF1F288CFF1F308CFF1F308CFF1F0C
:10910C00388CFF1F388CFF1F408CFF1F408CFF1FBB
:10911C00488CFF1F488CFF1F508CFF1F508CFF1F6B
:10912C00588CFF1F588CFF1F608CFF1F608CFF1F1B
:10913C00688CFF1F688CFF1F708CFF1F708CFF1FCB
:10914C00788CFF1F788CFF1F808CFF1F808CFF1F7B
:10915C00888CFF1F888CFF1F908CFF1F908CFF1F2B
:10916C00988CFF1F988CFF1FA08CFF1FA08CFF1FDB
:10917C00A88CFF1FA88CFF1FB08CFF1FB08CFF1F8B
:10918C00B88CFF1FB88CFF1FC08CFF1FC08CFF1F3B
:10919C00C88CFF1FC88CFF1FD08CFF1FD08CFF1FEB
:1091AC00D88CFF1FD88CFF1FE08CFF1FE08CFF1F9B
:1091BC00E88CFF1FE88CFF1FF08CFF1FF08CFF1F4B
:1091CC00F88CFF1FF88CFF1FFFFFFFFF0000020051
:1091DC0000000000030000009C9AFF1F43000000E9
:1091EC000000000000000000000000000000000073
:1091FC000000000000000000000000004300000020
:10920C000000000000000000000000000000000052
:10921C0000000000000000000000000043000000FF
:10922C000000000000000000000000000000000032
:10923C0000000000000000000000000043000000DF
:10924C000000000000000000000000000000000012
:10925C0000000000000000000000000043000000BF
:10926C0000000000000000000000000000000000F2
:10927C00000000000000000000000000430000009F
:10928C0000000000000000000000000000000000D2
:10929C00000000000000000000000000430000007F
:1092AC0000000000000000000000000000000000B2
:1092BC00000000000000000000000000A5480100B4
:1092CC00B12201000000000010880100D4760100DA
:1092DC00AC7E0100AC7E0100AC7E0100AC7E0100D6
:1092EC00AC7E0100AC7E0100AC7E0100AC7E0100C6
:1092FC00AC7E0100FFFFFFFFFFFFFFFFFFFFFFFF43
:10930C00FFFF0000010041534349490000000000E9
:10931C000000000000000000000000000000000041
:10932C0000000000000041534349490000000000C8
:10933C000000000000000000000000000000000021
:10934C000000000000000000000000009C9AFF1FBD
:10935C00049BFF1F6C9BFF1F00000000000000001F
:10936C0000000000000000000000000000000000F1
:10937C0000000000000000000000000000000000E1
:10938C0000000000000000000000000000000000D1
:10939C0000000000000000000000000000000000C1
:1093AC0000000000000000000000000000000000B1
:1093BC0000000000000000000000000000000000A1
:1093CC000000000000000000000000000000000091
:1093DC000000000000000000000000000000000081
:1093EC0001000000000000000E33CDAB34126DE61E
:1093FC00ECDE05000B000000000000000000000087
:10940C000000000000000000000000000000000050
:10941C000000000000000000000000000000000040
:10942C000000000000000000000000000000000030
:10943C000000000000000000000000000000000020
:10944C000000000000000000000000000000000010
:10945C000000000000000000000000000000000000
:10946C000000000000000000888EFF1FD89BFF1F2B
:00000001FF
